Question,Answer
"ขอรายละเอียดได้ไหมครับ อยู่ ตจว. เรียนได้ไหม ค่าใช้จ่าย จ่ายอย่างไร ยังไงบ้างครับ","สวัสดีค่ะ"
"ม.6 ตำรวจ ครับ","ไม่ทราบว่านักศึกษามีประสบการณ์ทำงานประมาณกี่ปีคะ"
"10ปีครับ","นักศึกษาสามารถนำวุฒิและประสบการณ์ทำงานมาลดระยะเวลาในการเรียนได้นะคะ ซึ่งจะเรียนประมาณ 2 ปีค่ะ เนื่องจากตอนนี้ทางมหาวิทยาลัยมีในส่วนของทุนส่วนลดค่าเทอมให้กับนักศึกษาในวัยทำงานอยู่นะคะ จากปกติค่าเทอมตลอดหลักสูตร 130,000 บาท เหลือเพียง 90,000 บาทตลอดหลักสูตร สามารถผ่อนชำระได้นะคะ"
"ต้องใช้เอกสารอะไรบ้างครับ","เอกสารที่ต้องใช้จะมี   1.รูปหน้าตรง  2.สำเนาบัตรประชาชน  3.สำเนาทะเบียนบ้าน  4.วุฒิการศึกษา  5.ใบผลการเรียน  6.ใบเปลี่ยนชื่อ (กรณีเคยเปลี่ยน) 7.เอกสารสัญญาจ้าง/บัตรพนักงาน (กรณีรับราชการหรือพนักงานรัฐวิสาหกิจ)"
"เอกสารเกี่ยวกับที่ทำงานใช้เฉพาะบัตรข้าราชการเลยใช่ไหมครับ","ถูกต้องค่ะนักศึกษา"
"สนใจครับ","สวัสดีค่ะ"
"สอบถามรายละเอียดหลักสูตร รัฐศาสตร์ ป ตรี ค่ะ","สวัสดีค่ะ"
"ขอรายละเอียด","อาจารย์ขออนุญาตสอบถามนะคะ ไม่ทราบว่านักศึกษาจบวุฒิใดมาและปัจจุบันประกอบอาชีพใดคะ"
"จบวุฒิ ป.ตรี ค่ะ สบ. ปัจจุบันทำอาชีพนักวิชาการค่ะ","ไม่ทราบว่านักศึกษามีประสบการณ์ทำงานประมาณกี่ปีคะ"
"6 ปีค่ะ","นักศึกษาสามารถนำวุฒิและประสบการณ์ทำงานมาลดระยะเวลาในการเรียนได้นะคะ ซึ่งจะเรียนประมาณ 2 ปีค่ะ เนื่องจากตอนนี้ทางมหาวิทยาลัยมีในส่วนของทุนส่วนลดค่าเทอมให้กับนักศึกษาในวัยทำงานอยู่นะคะ จากปกติค่าเทอมตลอดหลักสูตร 130,000 บาท เหลือเพียง 90,000 บาทตลอดหลักสูตร สามารถผ่อนชำระได้นะคะ"
"จบ.ป.โท รปม.เทียบโอนได้ไหม ค่าใช้จ่ายเท่าไร","สวัสดีค่ะ"
"รับราชการ  20  กว่าปีครับ","นักศึกษาสามารถนำวุฒิและประสบการณ์ทำงานมาลดระยะเวลาในการเรียนได้นะคะ ซึ่งจะเรียนประมาณ 2 ปีค่ะ เนื่องจากตอนนี้ทางมหาวิทยาลัยมีในส่วนของทุนส่วนลดค่าเทอมให้กับนักศึกษาในวัยทำงานอยู่นะคะ จากปกติค่าเทอมตลอดหลักสูตร 130,000 บาท เหลือเพียง 90,000 บาทตลอดหลักสูตร สามารถผ่อนชำระได้นะคะ"
"ขอบคุณครับ ขอพิจาณาก่อนนะครับ","รับทราบค่ะนักศึกษา หากนักศึกษาสนใจสมัครช่วงใดสามารถแจ้งอาจารย์ได้เลยนะคะ อาจารย์จะทำการส่งฟอร์มสมัครให้ค่ะ"
"สอบถามหลักสูตรปริญญาโทออนไลน์","สวัสดีค่ะ ปัจจุบันหลักสูตรปริญญาโทเปิดรับสมัครสาขาบริหารการศึกษาอยู่นะคะ ขออนุญาตสอบถามข้อมูลเบื้องต้นนะคะ: - ไม่ทราบว่านักศึกษามีใบประกอบวิชาชีพครูเรียบร้อยแล้วหรือไม่คะ"
"แล้วหลักสูตรอื่นมีเปิดรับอีกทีวันไหนครับ มี รปศ หรือรัฐประศาสนศาสตร์ไหมครับ","หากเป็นสาขา รัฐประศาสนศาสตร์ จะมีเป็นหลักสูตรปริญญาตรีค่ะนักศึกษา ไม่ทราบว่านักศึกษาสานใจหลักสูตรดังกล่าววหรือไม่คะ"
"มีหลักสูตรนิติศาสตร์ ป.โทออนไลน์ไหมครับ","สวัสดีค่ะ ขออภัยค่ะเบื้องต้นทางมหาวิทยาลัยจะยังไม่มีสาขาดังกล่าวนะคะนักศึกษา ขออภัยในความไม่สะดวกค่ะ"
"ราคาเท่าไรคะ","สวัสดีค่ะ"
"เป็นพนักงานมหาวิทยาลัยค่ะ","เพิ่มป้ายอัตโนมัติแล้ว: ตั้งระยะข้อมูลของลูกค้าเป็น ""การรับข้อมูล"" แล้ว"
"รัฐค่ะ","ไม่ทราบว่านักศึกษามีเอกสารรับรองหรือบัตรพนักงานหรือไม่คะ"
"มีบัตรพนักงานค่ะ","อาจารย์ส่งรายละเอียดให้นะคะ"
"ค่ะ","นักศึกษาสามารถเรียนได้นะคะ ซึ่งจะเรียนประมาณ 3 ปีค่ะ เนื่องจากนักศึกษาทำงานในส่วนของภาครัฐ นักศึกษาจะได้รับทุนส่วนลดค่าเทอมนะคะ จากปกติค่าเทอมตลอดหลักสูตร 390,000 บาท เหลือเพียง 350,000 บาทตลอดหลักสูตรค่ะ สามารถผ่อนชำระได้นะคะ"
"พอดีอยู่กทม.ค่ะ","รูปแบบการเรียนจะเป็นการเรียน ออนไลน์เป็นหลักค่ะนักศึกษา ซึ่งจะเรียนในวันเสาร์-วันอาทิตย์ เป็นหลักค่ะ  ช่วงเวลาการเรียนจะขึ้นผู้กับอาจารย์ผู้สอนจะนัดตามรายวิชาค่ะ บางคอร์สอาจจะมีเรียนเฉพาะ วันเสาร์ หรือ วันอาทิตย์ค่ะ หากในกลุ่มเรียนมีความเห็นร่วมกับอาจารย์ผู้สอนว่า อยากให้มีสอนในวันไหนแทน หรือ ช่วงเทศกาลสามารถพูดคุยได้ค่ะ อาจารย์ใจดี และยืดหยุ่นกับนักศึกษามากๆค่ะ"
"เริ่มเรียนเมื่อไรคะ","เบื้องต้นจะมีการปฐมนิเทศในวันที่ 31 มกราคมนี้ค่ะนักศึกษา หากนักศึกษาทำการสมัครเข้ามาสามารถรอปฐมนิเทศและเตรียมความพร้อมก่อนเข้าเรียนช่วง เดือนกุมภาพันธ์ได้เลยนะคะ"
"เรียนยากไหมคะอาจารย์","จะเป็นการปฐมนิเทศที่มหาวิทยาลัยค่ะนักศึกษา หากนักศึกษาไม่สะดวกสามารถแจ้งอาจารย์ผู้สอนได้เลยนะคะ"
"มหาวิทยาลัยอยู่ที่ไหนคะ","เรียนไม่ยากค่ะนักศึกษา จะทำตามพื้นฐานที่ อว. กำหนดค่ะ จะมีอาจารย์สนับสนุนตลอดหลักสูตรจนจบค่ะ นักศึกษาไม่ต้องกังวลนะคะ"
"หนูอยู่กทม.ค่ะ","นักศึกษาส่วนใหญ่ที่ทำการสมัครเข้ามาจะอยู่ต่างหวัดเช่นกันค่ะนักศึกษา นักศึกษาบางคนอยู่ทางภาคใต้ก็มีเช่นกันค่ะนักศึกษา"
"ถ้าสมัครต้องทำอย่างไรบ้างคะ","อาจารย์ทำการส่งฟอร์มสมัครให้นะคะ"
"ได้ค่ะ","นักศึกษาสามารถกรอกฟอร์มสมัครได้เลยนะคะ"
"สภาเพิ่งอนุมัติจบเมื่อวันศุกร์ที่ผ่านมาค่ะ","อาจารย์ขออนุญาตสอบถามค่ะไม่ทราบว่านักศึกษาจะได้รับใบวุฒิการศึกษา/ใบแสดงผลการเรียนช่วงใดคะ"
"ต้องสอบถามทางมหาวิทยาลัยก่อนค่ะ","เบื้องต้นนักศึกษาจบวุฒิปริญญาโทเรียบร้อยแล้วแต่ยังไม่ได้ใบวุฒิการศึกษาถูกต้องหรือไม่คะ"
"ใช่ค่ะ","เบื้องต้นนักศึกษาสามารถชำระค่าสมัครเข้ามาก่อนได้นะคะ เพื่อให้อาจารย์นำรายชื่อเข้าระบบให้ก่อนค่ะ และหากนักศึกษาได้รับวุฒิการศึกษาและใบแสดงผลการเรียนเรียบร้อยแล้วนักศึกษาสามารถแนบเอกสารให้อาจารย์ภายหลังได้ค่ะ"
"ค่อยกรอกข้อมูลทีหลังเหรอคะ","ถูกต้องค่ะนักศึกษา หรือนักศึกษาสามารถกรอกข้อมูลและเอกสารอื่นๆที่นักศึกษามีก่อนได้นะคะและหากนักศึกษาได้รับวุฒิปริญญาโทเรียบร้อยแล้วนักศึกษาสามารถส่งให้อาจารย์ทางช่องแชทนี้ภายหลังได้ค่ะ"
"หรือสอบออนไลน์ได้คะ","จะเป็นการเรียนออนไลน์และสอบออนไลน์เป็นหลักค่ะนักศึกษา"
"ขอบคุณค่ะ","ปภิชญาภรณ์ พุทธนาวงค์ ตอบกลับโฆษณา"
"ต้องชำระเท่าไรคะ","จะมีค่าสมัคร 1,500 บาทค่ะนักศึกษา"
"เริ่มเรียนเดือนไหนถึงเดือนไหนคะ","เบื้องต้นจะมีการปฐมนิเทศในวันที่ 31 มกราคมนี้ค่ะนักศึกษา และจะมีการเตรียมความพร้อมก่อนเข้าเรียนช่วง เดือนกุมภาพันธ์ค่ะนักศึกษา"
"ปฐมนิเทศมีออนไลน์ไหมคะ","นักศึกษาไม่สะดวกเรื่องการเดินทางใช่หรือไม่คะ"
"ขอบคุณค่ะ","ยินดีค่ะนักศึกษา ไม่ทราบว่านักศึกษาสนใจสมัครเลยหรือไม่คะ เนื่องจากตอนนี้โควต้าที่นั่งเหลือน้อยมากๆแล้วค่ะ หากโควต้าเต็มตามที่ อว. กำหนดจะทำการปิดรับสมัครทันทีนะคะ"
"สนใจค่ะ","นักศึกษาสามารถชำระค่าสมัครเข้ามาก่อนได้นะคะ ค่าสมัคร 1,500 บาทค่ะ หลังจากนักศึกษาชำระค่าสมัครเข้ามาเรียบร้อยแล้วอาจารย์จะนำรายชื่อเข้าระบบให้นะคะ และนักศึกษาสามารถแนบเอกสารให้อาจารย์ภายหลังได้นะคะ"
"เป็นกังวลเรื่องค่าเทอมคะ","นักศึกษาสามารถผ่อนชำระค่าเทอมได้นะคะ ขั้นต่ำเดือนละ 5,000 บาทค่ะ"
"ยังสมัครทันไหมคะ","ทันค่ะนักศึกษา"
"ต้องทำยังไงต่อคะ","รบกวนนักศึกษาแจ้ง ชื่อ-นามสกุล ให้อาจารย์นะคะ"
"น.ส.ปภิชญาภรณ์ พุทธนาวงค์ ค่ะ","อาจารย์ขออนุญาติสอบถามค่ะ ไม่ทราบว่านักศึกษาได้ทำการกรอกฟอร์มสมัครเรียบร้อยแล้วหรือไม่คะ"
"ยังเลยค่ะ","นักศึกษาสามารถกรอกฟอร์มสมัครได้เลยนะคะ เบื้องต้นนักศึกษาสามารถกรอกข้อมูลเบื้องต้นหรือเอกสารอื่นๆที่นักศึกษามีก่อนได้นะคะ ในส่วนของวุฒิปริญญาโทหากนักศึกษาได้รับวุฒิปริญญาโทเรียบร้อยแล้วนักศึกษาสามารถส่งให้อาจารย์ทางช่องแชทนี้ภายหลังได้นะคะ"
"แล้วเรื่องวันเปิดเรียนวันไหนคะ","นักศึกษาจะเริ่มเรียนในช่วงเดือน มิถุนายน 2569 นะคะ"
"รายชื่อนักศึกษา ปรัชญาดุษฎีบัณฑิต สาขารัฐประศาสนศาสตร์ รุ่น 1 มีรายชื่อดังนี้ 1. นางสาว สุพิชชาณัช เดชสุภา 2. นางปาณิษตรา  บุญส่ง 3.ร.ต.อ.ชำนาญ แก้วแกมจันทร์ 4. นายสุธี ตุลสุคนธ์ 5. นายยงยุทธ ทยศยิ่งยง 6. นางสาวณิฐชานันท์ เดี่ยวสันติกุล 7. นางสาวธนัญชญา ตะเที่ยง  8.นายวรเศรษฐ์ คูวิจิตรสุวรรณ 9.นางสาวอภัชชา ศุขสวัสดิ์ 10. นายธนพล ศรีสุขวัฒนชัย 11. นายชาตรี จำลองกุล 12.นายนวพล ขาวสมุทร 13. นางสาวมานิตา มุขยพาณิชย์  14.ร.ต.ท.ไพฑูรย์  บุญแจ้ง 15.นส.สุณัชชนันท์ ธนะกณิกนันต์ 16.นาย อภิรุท  อระโหฐาน 17. น.ส.ปภิชญาภรณ์ พุทธนาวงค์","รบกวนนักศึกษาคัดลอกข้อความนี้และส่งเข้าไปในไลน์กลุ่มนี้ที่อาจารย์แนบให้นะคะ"
"ส่งแล้วนะคะ","รับทราบค่ะนักศึกษา"
"เพราะทำดอกจันท์สีแดง","หากนักศึกษากรอกฟอร์มสมัครเรียบร้อยแล้วรบกวนนักศึกษาแจ้งอาจารย์นะคะ"
"ยังไม่ได้วุฒิเลยอ่ะค่ะ","นักศึกษาสามารถแนบวุฒิปริญญาตรีเข้ามาก่อนได้นะคะ"
"ได้ค่ะ","รับทราบค่ะนักศึกษา"
"กรอกข้อมูลแล้วนะคะ","รับทราบค่ะนักศึกษา อาจารย์ดำเนินการให้นะคะ"
"มีกำหนดการปฐมนิเทศไหมคะอาจารย์","หากเป็นในส่วนของกำหนดการของวันปฐมนิเทศทางอาจารย์ประจำหลักสูตรจะเเจ้งให้ทราบอีกครั้งทางไลน์กลุ่มนะคะนักศึกษา"
"ขอบคุณค่ะอาจารย์","ยินดีค่ะนักศึกษา"
"ใบนี้ไหมคะ","ถูกต้องค่ะนักศึกษา"
"จะนั่งจาก กทม. ไปค่ะ","มหาวิทยาลัยตั้งอยู่ที่ อำเภอ สมอแข จังหวัดพิษณุโลกค่ะนักศึกษา"
"อยุ่ใกล้กับอะไรที่จุดสำคัญคะ","https://maps.app.goo.gl/TcxNB3VYHHvyRK1LA"
"เผื่อจะแวะไปพักด้วยค่ะ","เดินทางสะดวกมากๆค่ะนักศึกษา"
"มีแนะนำไหมคะ","จะมีเป็น ทามัน รีสอร์ท ค่ะนักศึกษาห่างจากมหาวิทยาลัยประมาณ 800 เมตรค่ะ"
"ขอบคุณค่ะ","ยินดีค่ะนักศึกษา"
"วันจันทร์ขอไปสอบถามที่มหาลัยก่อนนะคะ","รับทราบค่ะนักศึกษา"
"จะให้ขอหนังสือรับรองจบก่อนไหมคะ","ได้ค่ะนักศึกษา เนื่องจากอาจารย์จะทำการส่งเอกสารเพิ่มเติมให้กับทางฝ่ายทะเบียนนะคะ"
"พอดีติดต่อทางฝ่ายทะเบียนไว้แล้วค่ะ","รับทราบค่ะนักศึกษา หากนักศึกษาได้รับเอกสารเรียบร้อยแล้วนักศึกษาสามารถส่งมาให้อาจารย์ทางช่องแชทนี้ได้เลยนะคะ"
"หรือต้องส่งแนบไฟล์คะ","อาจารย์รบกวนนักศึกษาไฟล์สแกนที่เป็น PDF ที่ชัดเจนทุกตัวอักษร ชัดเจน ไม่เบลอ ไม่จาง ให้อาจารย์ได้หรือไม่คะ อาจารย์แนะนำให้นักศึกษาโหลดแอพ CamScanner ในการสแกนไฟล์นะคะ เนื่องจากสามารถสแกนเอกสารได้ชัดเจนค่ะ"
"พอดีส่งผ่านช่องแชทนี้ ขึ้นว่าไม่สามารถส่งได้ค่ะ","ไม่เป็นไรค่ะนักศึกษา อาจารย์นำภาพที่นักศึกษาส่งมาดังกล่าวไปสแกนให้เรียบร้อยแล้วค่ะ ขอบคุณนะคะ"
"ยังไม่ได้รหัสนักศึกษาค่ะ","อาจารย์สอบถามฝ่ายทะเบียนในนะคะนักศึกษา"
"ขอบคุณค่ะ","ยินดีค่ะนักศึกษา หากได้ข้อมูลอย่างไรอาจารย์จะรีบแจ้งให้นักศึกษาทราบนะคะ"
"ขอบคุณค่ะ","สวัสดีค่ะ"
"ขอบคุณค่ะ","ยินดีค่ะนักศึกษา"
"ชำระค่าเทอมค่ะ","รับทราบค่ะนักศึกษา อาจารย์ดำเนินการให้นะคะ"
"ขอบคุณค่ะ","ยินดีค่ะนักศึกษา"
"ยอดเหลือเท่าไรคะ","ในส่วนของค่าเทอมในเทอมที่ 1 นักศึกษาได้ทำการชำระเข้ามาจำนวน 5,000 บาท ดังนั้นค่าเทอมในเทอมที่ 1 นักศึกษาจะเหลือยอดที่ต้องชำระ 50,000 บาทนะคะ"
"ค่าเทอมตลอดหลักสูตรยอด 350,000 บาทไหมคะ","ถูกต้องค่ะนักศึกษา นักศึกษาสามารถอ้างอิงได้จากตารางการผ่อนชำระที่อาจารย์ส่งให้ได้เลยนะคะ"
"ขอบคุณค่ะ","ยินดีค่ะนักศึกษา"
"ขอบคุณค่ะ","ยินดีค่ะนักศึกษา"
"เห็นเพื่อนมีบัตรอ่ะคะ","เบื้องต้นอาจารย์สอบถามกับอาจารย์ฝ่ายทะเบียนให้เพิ่มเติมนะคะนักศึกษา หากได้ข้อมูลอย่างไรอาจารย์จะแจ้งให้นักศึกษาทราบนะคะ"
"ขอบคุณค่ะ","ยินดีค่ะนักศึกษา"
"ยังไม่สะดวกค่ะ","อาจารย์ขออนุญาตสอบถามค่ะ ไม่ทราบว่านักศึกษาสะดวกชำระค่าเทอมช่วงใดคะ"
"เดือนหน้านะคะ","สวัสดีค่ะ"
"เดือนหน้านะคะ","รับทราบค่ะนักศึกษา"
"ให้ยอดเดินไรประมาณนี้คะ","นักศึกษาสามารถผ่อนชำระได้นะคะ ขั้นต่ำเดือนละ 5,000 บาทค่ะ"
"ถ้ามีไม่ถึงห้าพัน ชำระได้ไหมคะ","นักศึกษาสามารถทยอยผ่อนชำระได้นะคะ โดยใน 1 เดือนนักศึกษาจำเป็นจะต้องชำระค่าเทอมอย่างน้อยขั้นต่ำเดือนละ 5,000 บาทค่ะ"
"อาจารย์ค่ะ บัตรนักศึกษายังไม่ได้ใช่ไหมคะ","สวัสดีค่ะ เบื้องต้นอาจารย์สอบถามกับฝ่ายหลักสูตรให้เพิ่มเติมนะคะนักศึกษา หากได้ข้อมูลอย่างไรอาจารย์จะแจ้งให้นักศึกษาทราบนะคะ"
"เลยจะมาสอบถามว่าบัตรได้หรือยังคะ พอดีเห็นนักศึกษารหัส 69 ได้บัตรกันแล้วค่ะ","ในส่วนนี้อาจารย์สอบถามข้อมูลเพิ่มเติมกับทางฝ่ายหลักสูตรให้นะคะนักศึกษา หากได้ข้อมูลอย่างไรอาจารย์จะแจ้งให้นักศึกษาทราบนะคะ ขออภัยในความล่าช้าด้วยนะคะนักศึกษา"
"ขอบคุณค่ะ","ยินดีค่ะนักศึกษา"
"ขอบคุณค่ะ","ยินดีค่ะนักศึกษา"
"สนใจครับ","Chaiyaphorn Intarakunchorn ตอบกลับโฆษณา"
"สนใจครับ","สวัสดีค่ะ"
"วศ.บ. ทำงานรัฐวิสาหกิจ อายุ 52 ครับ","นักศึกษาสามารถนำวุฒิและประสบการณ์ทำงานมาลดระยะเวลาในการเรียนได้นะคะ ซึ่งจะเรียนประมาณ 2 ปีค่ะ เนื่องจากตอนนี้ทางมหาวิทยาลัยมีในส่วนของทุนส่วนลดค่าเทอมให้กับนักศึกษาในวัยทำงานอยู่นะคะ จากปกติค่าเทอมตลอดหลักสูตร 130,000 บาท เหลือเพียง 90,000 บาทตลอดหลักสูตร สามารถผ่อนชำระได้นะคะ"
"สนใจครับ","สวัสดีค่ะ"
"สอบถามครับพระภิกษุสงฆ์เรียนได้มั้ยครับ","สามารถเรียนได้ค่ะนักศึกษา"
"ค่าเทอมตลอดหลักสูตรประมาณเท่ารัยครับ","นักศึกษาสามารถเรียนได้นะคะ ซึ่งจะเรียนประมาณ 2 ปีค่ะ เนื่องจากตอนนี้ทางมหาวิทยาลัยมีในส่วนของทุนส่วนลดค่าเทอมให้กับนักศึกษาที่สนใจสมัครเรียนในสาขา นิติศาสตร์ อยู่นะคะจากปกติค่าเทอมตลอดหลักสูตร 130,000 บาท เหลือเพียง 90,000 บาทตลอดหลักสูตร สามารถผ่อนชำระได้นะคะ"
"ขอสละสิทธิ์ไปก่อนครับ","รับทราบค่ะนักศึกษา หากนักศึกษาสะดวกสมัครช่วงใดสามารถแจ้งอาจารย์ได้เลยนะคะ อาจารย์จะทำการส่งฟอร์มสมัครให้ค่ะ"
"สนใจครับ","Chanapa Jampajeam ตอบกลับโฆษณา"
"ค่าเทอมเท่าไรค่ะ ผ่อนจ่ายยังไง","สวัสดีค่ะ"
"พอดีเรียนนิติศาสตร์ผ่าน 7ตัวแล้วเทียบโอนได้ไหค่พ","สามารถนำมาเทียบโอนได้ค่ะนักศึกษา"
"ค่า","นักศึกษาสามารถนำวุฒิและประสบการณ์ทำงานมาลดระยะเวลาในการเรียนได้นะคะ ซึ่งจะเรียนประมาณ 2 ปีค่ะ เนื่องจากตอนนี้ทางมหาวิทยาลัยมีในส่วนของทุนส่วนลดค่าเทอมให้กับนักศึกษาในวัยทำงานอยู่นะคะ จากปกติค่าเทอมตลอดหลักสูตร 130,000 บาท เหลือเพียง 90,000 บาทตลอดหลักสูตร สามารถผ่อนชำระได้นะคะ"
"ค่าเรียนเท่าไหร่คะ","สวัสดีค่ะ"
"ครู ป.โทหลักสูตรและการสอนสังคมศึกษาค่ะ","นักศึกษาสามารถเรียนได้นะคะซึ่งจะเรียนประมาณ 3 ปี ค่าเทอมตลดหลักสตร 390,000 บาท สามารถผ่อนชำระได้นะคะ"
"เป็นออนไลน์หรือออนไซด์คะ","รูปแบบการเรียนจะเป็นการเรียนออนไลน์และสอบออนไลน์เป็นหลักค่ะนักศึกษา"
"ต้องมีเข้ามามหาลัยไหมคะ","จะมีเข้ามหาลัยมีน้อยมากค่ะนักศึกษา เนื่องจากทางอาจารย์ผู้สอนคำนึงในเรื่องของภาระหน้าที่การปฏิบัติงานนะคะ จะเข้ามหาลัยตามกิจกรรม ปฐมนิเทศ กับการสอบป้องกันวิทยานิพนธ์และพิธีพระราชทานปริญญาค่ะ แต่อาจจะมีกิจกรรมอื่นๆที่ทางอาจารย์ผู้สอนนัดแยกค่ะ หากมีการเข้ามหาวิทยาลัยจะมีการแจ้งล่วงหน้าที่ตรงกับวัน เสาร์-อาทิตย์ ค่ะ แต่จะเข้ามหาวิทยาลัยน้อยมากๆ นักศึกษาไม่ต้องกังวลนะคะ"
"ขอตัดสินใจก่อนนะคะ","รับทราบค่ะนักศึกษา หากนักศึกษาสนใจสมัครช่วงใดสามารถแจ้งอาจารย์ได้เลยนะคะ อาจารย์จะทำการส่งฟอร์มสมัครให้ค่ะ"
"สนใจครับ","สวัสดีค่ะ"
"ทีโทรสอบถามเลขบัญชีครับ","สวัสดีค่ะ"
"กรอกไม่ได้คับเพราะลืมรหัสผ่านเมลครับขออนุญาตขอเลขบัญชีมหาวิทยาลัยเพื่อชำระค่าสมัครเรียนครับ","💳 ช่องทางการชำระเงินค่าสมัคร: ธนาคารกรุงไทย   ชื่อบัญชี: มหาวิทยาลัยพิษณุโลก   เลขที่บัญชี: 678-9-63851-2"
"สนใจครับ","สวัสดีค่ะ"
"ม.6  กำลังเขาเรียนนายสิบตำรวจ","ไม่ทราบว่านักศึกษามีประสบการณ์ทำงานหรือไม่คะ หากมีนักศึกษามีประสบการณ์ทำงานประมาณกี่ปีคะ"
"ไม่มีประสบการณ์","นักศึกษาสามารถเรียนได้นะคะ ซึ่งจะเรียนประมาณ 2 ปีค่ะ เนื่องจากตอนนี้ทางมหาวิทยาลัยมีในส่วนของทุนส่วนลดค่าเทอมให้กับนักศึกษาที่สนใจสมัครเรียนในสาขา นิติศาสตร์ อยู่นะคะจากปกติค่าเทอมตลอดหลักสูตร 130,000 บาท เหลือเพียง 90,000 บาทตลอดหลักสูตร สามารถผ่อนชำระได้นะคะ"
"ฉันต้องการข้อมูลเพิ่มเติม","หากนักศึกษามีข้อสงสัยส่วนใด สามารถสอบถามหรือปรึกษาเพิ่มเติมได้เลยนะคะ อาจารย์ยินดีค่ะ"
"สนใจเรียนบัญชีครับ","สวัสดีค่ะ"
"สมาคมบัญชีรับรองมั้ยครับ","จะเป็นการเรียนออนไลน์เป็นหลักค่ะนักศึกษา"
"จบวิศวกรรมโยธา","เบื้องต้นไม่ทราบว่านักศึกษามีประสบการณ์ทำงานประมาณกี่ปีคะ"
"ผมไม่เคยทำบัญชีนะครับ","นักศึกษาสามารถเรียนได้นะคะ ทางอาจารย์ผู้สอนเข้าใจและยืดหยุ่นมากๆค่ะ"
"ครับ","📚 หลักสูตรปริญญาตรี สาขาบัญชี (Bachelor of Accounting) ✨รูปแบบการเรียน จะเรียนออนไลน์เป็นหลัก 💻 เน้นเรียนจริง เข้าใจง่าย เรียนได้จากทุกที่ 📆 เรียนเฉพาะวันเสาร์–อาทิตย์ ไม่กระทบงานประจำ 💸 ค่าใช้จ่ายรวมตลอดหลักสูตร ค่าสมัคร 1,500 บาท (จ่ายตอนสมัคร) ค่าเทอมรวม 90,000 บาท (กรณีเทียบโอน) 👩‍💼 สำหรับข้าราชการ พนักงานรัฐวิสาหกิจ ตำรวจ ทหาร หรือผู้ที่มีงานประจำ สามารถ ผ่อนชำระรายเดือนได้ ตามเงื่อนไขของมหาวิทยาลัย ⏰ ระยะเวลาเรียน เพียง 2 ปี (4 เทอม) ก็สามารถจบและรับปริญญาได้ทันที 🎓 📜 หลักสูตรได้รับการรับรองจาก สำนักงาน ก.พ. และ ก.ค.ศ. อย่างเป็นทางการแล้ว 🏛️ เมื่อจบแล้วสามารถสอบเป็นผู้สอบบัญชี CPA ได้เลย 📣 เปิดรับสมัครถึงวันที่ 30 พฤศจิกายนนี้! หากมีข้อสงสัยหรือสนใจสมัครสามารถแจ้งอาจารย์ได้เลยนะคะ🌟"
"อายุราชการ20ปี","อาจารย์ส่งตารางการผ่อนชำระให้นะคะ"
"จบเร็วกว่านี้ได้มั้ยครับ","นักศึกษาสมัครเข้าระบบมา ทางอาจารย์ประจำหลักสูตรจะมีการเทียบโอนประสบการณ์ทำงานให้เพิ่มเติมนะคะ"
"มีบันทึกไว้ดูทีหลังมั้ยครับ","ไม่ทราบว่านักศึกษาหมายถึงในส่วนใดคะ"
"ครับ","นักศึกษาหมายถึงในส่วนของการเรียนออนไลน์มีวิโอการสอนให้ดูย้อนหลังไหม ใช่หรือไม่คะ"
"เรียนครับ","อาจารย์ส่งฟอร์มสมัครให้นะคะ"
"พอดีผมติดเรียนเสาร์อาทิตย์ครับ","แบบฟอร์มสมัครเรียนปริญญาตรี มหาวิทยาลัยพิษณุโลก https://forms.gle/Aj55YB5TNsKVsu8V7"
"ค่าเทอมยืดหยุ่นได้มั้ยครับ","หากกรอกฟอร์มสมัครเข้ามาเรียบร้อยแล้ว รบกวนแจ้งชื่อ นามสกุลและแนบสลิปค่าสมัครให้อาจารย์ทางแชทนี้นะคะ หรือหากนักศึกษายังไม่สะดวกแนบเอกสารหรือกรอกฟอร์ม สามารถชำระค่าสมัครเข้ามาก่อนได้และกรอกฟอร์มภายหลัง หรือแนบเอกสารทางแชทนี้ภายหลังได้นะคะ  หลังจากชำระค่าสมัคร อาจารย์จะดำเนินการดึงนักศึกษาเข้ากลุ่มไลน์นะคะ"
"สมัครถึงวันไหนครับ","นักศึกษาสามารถผ่อนชำระค่าเทอมได้เดือนละไม่ต่ำกว่า 5,000 บาทนะคะ"
"ถ้าบางเดือนไม่ถึงมีปัญหามั้ยครับ","นักศึกษาสามารถทยอยผ่อนชำระได้นะคะแต่ต้องชำระเดือนละไม่ต่ำกว่า 5,000 บาทค่ะ"
"ครับ","หากนักศึกษากรอกฟอร์มสมัครเข้ามาเรียบร้อยแล้ว รบกวนแจ้งชื่อ นามสกุลและแนบสลิปค่าสมัครให้อาจารย์ทางแชทนี้นะคะ"
"บล็อกคอร์สใช่มั้ยครับ","จะเป็นการเรียนออนไลน์และสอบออนไลน์เป็นหลักค่ะ"
"สวัสดีครับอาจารย์","สวัสดีค่ะ"
"จะเรียนบัญชีครับ","นักศึกษาสนใจสมัครเรียนใบ้หรือไม่คะ"
"เอกสารใช้อะไรบ้างครับ","สามารถสมัครได้เลยค่ะนักศึกษา"
"เรียนกี่ปีครีบ","นักศึกษาจะใช้เวลาเรียนประมาณ 2 ปีนะคะ"
"ได้ครับ","ไม่ทราบว่านักศึกษาทำการกรอกฟอร์มสมัครเรียบร้อยแล้วหรือไม่คะ"
"ยังครับ","ไม่ทราบว่านักศึกษาสะดวกสมัครช่วงไหนคะ"
"ค่าสมัครเท่าไรครับ","ค่าสมัคร 1,500 บาทค่ะนักศึกษา"
"จ่าย1500 ก็เรียนได้เลยนะครับ","ถูกต้องค่ะนักศึกษา เมื่อนักศึกษาทำการชำระค่าสมัครเข้ามาแล้วจะสามารถรอเรียนได้เลยนะคะ โดยค่าเทอมงวดแรก 7,500 บาท นักศึกษาสามารถชำระได้ หลังจากชำระค่าสมัครเข้ามา 1 เดือนนะคะ"
"สนใจครับ","ไม่ทราบว่านักศึกษาทำการกรอกฟอร์มสมัครเรียบร้อยแล้วหรือไม่คะ หากนักศึกษาติดปัญหาด้านใดสามารถแจ้งอาจารย์ได้เลยนะคะ"
"ต้องใช้คอมครับ","นักศึกษาหมายถึงเอกสารในการกรอกฟอร์มสมัครใช่หรือไม่คะ"
"ใช่ครับ","นักศึกษาสามารถชำระค่าสมัครเข้ามาก่อนได้นะคะ เพื่อให้อาจารย์ทำการนำชื่อเข้าระบบให้ก่อนค่ะและสามารถกรอกฟอร์มสมัคร หรือแนบเอกสารภายหลังในช่องแชทนี้ได้นะคะ"
"รายเดือนประมาณเท่าไรครับ","นักศึกษาสามารถอ้างอิงได้จากตารางการผ่อนชำระที่อาจารย์ส่งให้ได้เลยนะคะ โดยค่าเทอมงวดแรก 7,500 บาทค่ะนักศึกษา"
"เรียนไปบ้างยังครับ","จะเป็นการเรียนออนไลน์ใน วันเสาร์-อาทิตย์ เป็นหลักค่ะนักศึกษา"
"สามารถดูย้อนหลังได้นะครับ","หากช่วงไหนนักศึกษาไม่สะดวกเข้าเรียนจะมีเป็นสื่อสารการให้นักศึกษาในการทำงานประกอบการส่งงานย้อนหลังค่ะ"
"แจ่ม","หากนักศึกษาชำระค่าสมัครเข้ามาเรียบร้อยแล้วรบกวนนักศึกษาเเจ้ง ชื่อ-นามสกุล และแนบสลิปค่าสมัครให้อาจารย์ทางช่องแชทนี้นะคะ"
"ผมสมัครสาขาบัญชีนะครับ","สวัสดีค่ะ"
"ยังไม่ได้โหลดเอกสารครับ","นักศึกษาสามารถชำระค่าสมัครเข้ามาก่อนได้นะคะ เพื่อให้อาจารย์นำรายชื่อเข้าระบบและดึงนักศึกษาเข้ากลุ่นไลน์ค่ะ"
"โอน1500ก่อนนะครับ","รับทราบค่ะนักศึกษา นักศึกษาสามารถชำระค่าสมัครผ่านบัญชีของมหาวิทยาลัยโดยตรงได้เลยนะคะ หลังจากชำระค่าสมัครอาจารย์จะดำเนินการนำรายชื่อของนักศึกษาเข้าระบบและดึงนักศึกษาเข้ากลุ่มไลน์นะคะ"
"กรฤทธิ์ กีรติธนิกกุล","รับทราบค่ะนักศึกษา อาจารย์ดำเนินการให้นะคะ"
"ขอบคุณครับอาจารย์","ยินดีค่ะนักศึกษา"
"เรียบร้อยครับ","รับทราบค่ะนักศึกษา"
"แต่ยังส่งเอกสารไม่ครบครับ","รับทราบค่ะนักศึกษา ในวันพรุ่งนี้อาจารย์ดำเนินการตรวจสอบเอกสารให้นะคะ"
"ขอบคุณครับอาจารย์","ยินดีค่ะนักศึกษา"
"เปิดอ่านไม่ได้ครับ","- รูปถ่ายหน้าตรง - สำเนาบัตรประชาชน - สำเนาทะเบียนบ้าน - ใบประกาศนียบัตร (วุฒิการศึกษา) ค่ะนักศึกษา"
"พรุ่งนี้จัดการให้ครับ","รับทราบค่ะนักศึกษา หากนักศึกษารวบรวมเอกสารครบเรียบร้อยแล้วสามารถส่งมาให้อาจารย์ทางช่องแชทนี้ได้เลยนะคะ"
"ครับอาจารย์","สวัสดีค่ะ"
"วันนี้ส่งให้ครับอาจารย์","รับทราบค่ะนักศึกษา"
"ขอบคุณครับอาจารย์","ยินดีค่ะนักศึกษา"
"ผมต้องเข้าเรียนเดือนไหนครับ","เพิ่มป้ายอัตโนมัติแล้ว: ตั้งระยะข้อมูลของลูกค้าเป็น ""การรับข้อมูล"" แล้ว"
"ดีครับ","สวัสดีค่ะ  อาจารย์ขออนุญาตสอบถามการชำระค่าเทอม งวดที่ 1 จำนวน 7,500 บาทค่ะ ไม่ทราบว่านักศึกษาสะดวกชำค่าเทอมในช่วงใดคะ  นักศึกษาสามารถชำระเงินได้ โดยโอนเข้าบัญชีของมหาวิทยาลัยโดยตรง  ธนาคารกรุงไทย (Krungthai Bank)  ชื่อบัญชี: มหาวิทยาลัยพิษณุโลก  เลขที่บัญชี: 678-9-63851-2 เมื่อชำระเรียบร้อยแล้ว รบกวนนักศึกษาแจ้ง ชื่อ–สกุล พร้อมแนบสลิปการโอน เพื่อยืนยันการชำระเงินกับอาจารย์ด้วยนะคะ  ขอบพระคุณค่ะ"
"สิ้นเดือนครับ","รับทราบค่ะนักศึกษา"
"ขอบคุณครับ","ยินดีค่ะนักศึกษา"
"สวัสดีครับอาจารย์","เพิ่มป้ายอัตโนมัติแล้ว: ตั้งระยะข้อมูลของลูกค้าเป็น ""การรับข้อมูล"" แล้ว"
"มีออนไลน์มั้ยครับ","สวัสดีค่ะ"
"ในเฟสครับเพื่อนส่งมาครับ","เบื้องต้นทางมหาวิทยาลัยจะยังไม่มีหลักสูตรดังกล่าวนะคะนักศึกษา ขออภัยในความไม่สะดวกค่ะ"
"เรียนต่อเนื่องมีเกียรตินิยมมั้ยครับอาจารย์","มีค่ะนักศึกษา"
"เกรดโอนมีปัญหามั่ยครับ","หากนักศึกษามีผลการเรียนที่ดีและมีการเข้าเรียนอย่างสม่ำเสมอมีโอกาสที่จะได้เกียรตินิยมแน่นอนค่ะ"
"พอดีที่เรียนเก่าเขาให้ไปเก็บได้","อาจารย์ขออนุญาตสอบถามค่ะ ไม่ทราบว่านักศึกษามีประสงค์ที่จะย้ายไปเรียนในสาขาใดคะ"
"นิติศาสตร์ผมจบแล้ว","หากเป็นในหลักสูตรปริญญาตรีจะมี 3 สาขาดังนี้ค่ะ"
"อันนี้ไม่เปิดเหรอครับ","ดีเลยค่ะนักศึกษา อาจารย์เห็นว่าในสาขาที่ปัจจุบันนักศึกษาทำการสมัครเข้า สามารถนำไปต่อยอดได้ในหลายๆด้าน และสามารถนำไปปรับใช้ได้จริงค่ะ"
"ผมไม่สามารถย้ายคณะได้แล้วใช่มั้ยครับ","สวัสดีค่ะ"
"วทบ มีมั้ยครับ","เบื้องต้นทางมหาวิทยาลัยจะยังไม่มีหลักสูตรดังกล่าวนะคะนักศึกษา"
"ขอบพระคุณครับอาจารย์","สวัสดีค่ะ"
"ทีแรกจะเปลี่ยนสาขาเป็น วทบ ครับเห็นว่าไม่เปิดก็เลยจำเป็นต้องลาออกครับ","รับทราบค่ะนักศึกษา อาจารย์ทำการส่งแบบฟอร์มคำร้องให้นะคะ"
"ขอบคุณครับอาจารย์","ยินดีค่ะนักศึกษา"
"มีทางเพจ ม พิษณุโลก เขาบอกว่าเปิดรับ วทบ นะครับ","ในวันทำการอาจารย์สอบถามกับทางอาจารย์ฝ่ายหลักสูตรให้นะคะนักศึกษา หากได้ข้อมูลอย่างไรอาจารย์จะรีบแจ้งให้นักศึกษาทราบนะคะ"
"ขอบพระคุณมากๆครับ","ยินดีค่ะนักศึกษา"
"อย่าลืมผมนะ","สวัสดีค่ะ"
"รบกวนอาจารย์ด้วยนะครับ","รับทราบค่ะนักศึกษา เบื้องต้นอาจารย์ กำลังรอทางอาจารย์ประจำหลักสูตรแจ้งเกี่ยวกับรายละเอียดหลักสูตรกลับมาอีกครั้งนะคะ ในวันทำการอาจารย์จะเร่งตามให้นะคะนักศึกษา หากได้ข้อมูลอย่างไรอาจารย์จะรีบแจ้งให้นักศึกษาทราบนะคะ ขออภัยในความล่าช้าด้วยนะคะนักศึกษา"
"ไม่ได้ไม่เป็นไรนะครับ","ขออภัยในความล่าช้าด้วยนะคะนักศึกษา เบื้องต้นอาจารย์ทางอาจารย์ประจำหลักสูตรแจ้งว่าหากเป็น สาขา  เทคโนโลยีสารสนเทศและธุรกิจดิจิทัล ตอนนี้กำลังอยู่ระหว่างการดำเนินการของฝ่ายหลักสูตรอยู่นะคะ หากมีอัปเดตอาจารย์ให้ทราบทันทีค่ะ"
"ขอบคุณครับ","ยินดีค่ะนักศึกษา"
"เทอมนี้ทันมั้ยครับ","สวัสดีค่ะ"
"ทำไมอาจารย์แนะแนวท่านอื่นว่าเปิดครับ","ทางฝ่ายหลักสูตรแจ้งว่าใน สาขา เทคโนโลยีสารสนเทศและธุรกิจดิจิทัล ตอนนี้กำลังทำการปรับปรุงหลักสูตรอยู่นะคะนักศึกษา และตอนนี้ทางฝ่ายหลักสูตรกำลังเร่งดำเนินการในการปรับปรุงหลักสูตรให้เร็วที่สุดค่ะนักศึกษา"
"ผมจะได้เรียนเทอมนี้มั้ยครับ","ทางอาจารย์ประจำหลักสูตรจะแจ้งข้อมูลให้ทราบในวันทำการอีกครั้งนะคะ เนื่องจากวันนี้เป็นวันหยุดทำการจึงอาจจะทำให้การให้ข้อมูลกับนักศึกษาล่าช้าได้ค่ะ และหากได้ข้อมูลอย่างไรอาจารย์จะรีบแจ้งให้นักศึกษาทราบทันทีนะคะ"
"อาจารย์ให้ผมลาออกก่อนดีมั้ยครับ","สวัสดีค่ะ เบื้องต้นทางฝ่ายหลักสูตรกำลังเร่งดำเนินการปรับปรุงหลักสูตรในส่วนของ สาขา เทคโนโลยีสารสนเทศและธุรกิจดิจิทัล ให้เสร็จสมบูรณ์โดยเร็วที่สุดนะคะนักศึกษา อาจารย์จะคอยตามในส่วนของการดำเนินการและหากการปรับปรุงหลักสูตรเสร็จเรียบร้อยแล้ว อาจารย์จะรีบแจ้งให้นักศึกษาทราบทันทีค่ะ ขออภัยในความล่าช้าด้วยนะคะนักศึกษา"
"ขอบคุณครับอาจารย์","ยินดีค่ะนักศึกษา"
"คอมพิวเตอร์ธุรกิจ ไม่ทราบว่า กพ รับรองมั้ยครับ","สวัสดีค่ะ"
"ผมเปลี่ยนมาเรียนสาขานี้ได้มั่ยครับ","รูปแบบการเรียนจะเป็นการเรียนออนไลน์และสอบออนไลน์เป็นหลักค่ะนักศึกษา"
"ใช่ครับ","เบื้องต้นอาจารย์สอบถามฝ่ายหลักสูตรให้นะคะนักศึกษา ว่าโควต้าที่นั่งของ สาขา คอมพิวเตอร์ธุรกิจ เต็มเรียบร้อยแล้วหรือไม่ค่ะ หากโควต้ายังไม่เต็มอาจารย์ทำการแจ้งฝ่ายหลักสูตรในการขอย้ายสาขาให้นะคะนักศึกษา และหากได้ข้อมูลอย่างไรอาจารย์จะรีบแจ้งให้นักศึกษาทราบทันทีนะคะ"
"ได้ กพ มั้ยครับ","สวัสดีค่ะ"
"สาขานี้ก็ได้ครับ","นักศึกษาประสงค์ที่จะย้ายไปเรียนใน  สาขา เทคโนโลยีสารสนเทศและธุรกิจดิจิทัล ใช่หรือไม่คะ"
"สาขานี้ก็ได้ครับ","รับทราบค่ะนักศึกษา เบื่้องต้นอาจารย์ทำการแจ้งกับฝ่ายหลักสูตรให้เรียบร้อยแล้วนะคะ ตอนนี้กำลังรอทางฝ่ายหลักสูตรแจ้งกลับมาอีกครั้งค่ะ ว่านักศึกษาสามารถทำการย้ายไปศึกษาต่อใน สาขา เทคโนโลยีสารสนเทศ ได้หรือไม่ค่ะ หากทางฝ่ายหลักสูตรแจ้งกลับมาเรียบร้อยแล้วอาจารย์จะรีบแจ้งให้กับนักศึกษาทราบนะคะ"
"เขาว่างจันทร์ถึงศุกร์","สวัสดีค่ะ"
"ครับอาจารย์","จะมีเป็นภาคปกติ 4 ปีค่ะนักศึกษา แต่จะไม่ใช่รูปแบบการเรียนออนไลน์เป็นหลักนะคะนักศึกษา จะเป็นการเรียนออนไซต์ที่มหาวิทยาลัยค่ะ"
"ออนไลน์ดูย้อนหลังได้ก็เรียนได้ครับ","หากเป็นการเรียนออนไลน์เป็นหลักจะเป็นการเรียนในวันเสาร์-อาทิตย์นะคะนักศึกษา"
"สวัสดีครับอาจารย์  ส่วนของผมย้ายคณะได้เลยครับ","สวัสดีค่ะ"
"ครับอาจารย์","รับทราบค่ะนักศึกษา อาจารย์ดำเนินการแจ้งกับฝ่ายหลักสูตรให้นะคะ"
"ขอบพระคุณครับอาจารย์","ยินดีค่ะนักศึกษา"
"กลุ่มไหนครับ","สวัสดีค่ะ กลุ่มนี้ค่ะนักศึกษา"
"ผมอยู่ในสาขาอะไรครับ","สาขา เทคโนโลยีสารสนเทศ ค่ะนักศึกษา"
"ได้เรียนในสาขาที่อยากเรียน","ยินดีค่ะนักศึกษา"
"สวัสดีครับอาจารย์รหัสนักศึกษา ดูได้ตรงไหนครับ","ในส่วนนี้จะเป็นรหัสนักศึกษานะคะ"
"ขอบพระคุณครับอาจารย์","ยินดีค่ะนักศึกษา"
"ป.โท รัฐศาสตร์การปกครองท้องถิ่น  ค่าใช้จ่าย ตลอดหลักสูตร  ครับ","สวัสดีค่ะ"
"เรียน ออนไลน์ นะครับ","อาจารย์ขออนุญาตสอบถามนะคะ ไม่ทราบว่านักศึกษาปัจจุบันประกอบอาชีพใดและมีประสบการณ์ทำงานประมาณกี่ปีคะ"
"สนใจครับ","สวัสดีค่ะ"
"รับราชการ","ไม่ทราบว่านักศึกษามีประสบการณ์ทำงานประมาณกี่ปีคะ"
"24 ปี","นักศึกษาสามารถนำวุฒิและประสบการณ์ทำงานมาลดระยะเวลาในการเรียนได้นะคะ ซึ่งจะเรียนประมาณ 2 ปีค่ะ เนื่องจากตอนนี้ทางมหาวิทยาลัยมีในส่วนของทุนส่วนลดค่าเทอมให้กับนักศึกษาในวัยทำงานอยู่นะคะ จากปกติค่าเทอมตลอดหลักสูตร 130,000 บาท เหลือเพียง 90,000 บาทตลอดหลักสูตร สามารถผ่อนชำระได้นะคะ"
"สนใจครับ","สวัสดีค่ะ"
"กพ.รับรองไมครับ","สวัสดีค่ะ"
"นิติศาสตร์","อาจารย์ขออนุญาตสอบถามนะคะ ไม่ทราบว่านักศึกษาจบวุฒิใดมาและปัจจุบันประกอบอาชีพใดคะ"
"ค่าใช้จ่ายตลอดหลักสูตรเท่าไรครับ","สวัสดีค่ะ"
"สนใจครับ","สวัสดีค่ะ"
"สนใจครับ","สวัสดีค่ะ"
"สนใจครับ","สวัสดีค่ะ"
"มีส่วนลดข้าราชการมั้ยครับ","สวัสดีค่ะ"
"จบป.ตรี รปศ. ปัจจุบันรับราชการครับ","ไม่ทราบว่านักศึกษามีประสบการณ์ทำงานประมาณกี่ปีคะ"
"11 เดือนครับ","นักศึกษาสามารถนำวุฒิและประสบการณ์ทำงานมาลดระยะเวลาในการเรียนได้นะคะ ซึ่งจะเรียนประมาณ 2 ปีค่ะ เนื่องจากตอนนี้ทางมหาวิทยาลัยมีในส่วนของทุนส่วนลดค่าเทอมให้กับนักศึกษาในวัยทำงานอยู่นะคะ จากปกติค่าเทอมตลอดหลักสูตร 130,000 บาท เหลือเพียง 90,000 บาทตลอดหลักสูตร สามารถผ่อนชำระได้นะคะ"
"สนใจครับ","สวัสดีค่ะ"
"หลักสูตร","ไม่ทราบว่านักศึกษาจบวุฒิใดมาและมีประสบการณ์ทำงานประมาณกี่ปีคะ"
"ถ้าจำไม่ผิดจบ","นักศึกษาสามารถนำวุฒิและประสบการณ์ทำงานมาลดระยะเวลาในการเรียนได้นะคะ ซึ่งจะเรียนประมาณ 2 ปีค่ะ เนื่องจากตอนนี้ทางมหาวิทยาลัยมีในส่วนของทุนส่วนลดค่าเทอมให้กับนักศึกษาในวัยทำงานอยู่นะคะ จากปกติค่าเทอมตลอดหลักสูตร 130,000 บาท เหลือเพียง 90,000 บาทตลอดหลักสูตร สามารถผ่อนชำระได้นะคะ"
"ขอปรึกษากับทางบ้านก่อนนะคับอาจารย์","รับทราบค่ะนักสึกษา หากนักศึกษาสะดวกสมัครช่วงใดสามารถแจ้งอาจารย์ได้เลยนะคะ อาจารย์จะทำการส่งฟอร์มสมัครให้ค่ะ"
"ขอบคุณครับ","ยินดีค่ะนักศึกษา"
"สนใจสมัครเรียน","สวัสดีค่ะ"
"สนใจครับ","Kriengkrai Chaiyakun ตอบกลับโฆษณา"
"ผมเป็นครู","อาจารย์ส่งรายละเอียดให้นะคะ"
"ผมจะสมัครตอนนี้ได้ไหมครับ","สามารถสมัครได้เลยค่ะนักศึกษา อาจารย์ส่งฟอร์มสมัครให้นะคะ"
"เชื่อมต่อบัญชีธนาคารของคุณเพื่อตรวจสอบความถูกต้องของสลิป","รับทราบค่ะนักศึกษา อาจารย์ตรวจสอบเอกสารให้นะคะ"
"ครับ","หากมีส่วนใดเพิ่มเติมอาจารย์จะแจ้งให้ทราบนะคะ"
"ดึงเข้ากลุ่มไลน์ยังครับ","เดี๋ยวอาจารย์ตรวจสอบเอกสารให้ก่อนนะคะ และในเรื่องของไลน์กลุ่มทางอาจารย์จะประสานงานกับทางฝ่ายทะเบียนและจะแจ้งให้ทราบอีกครั้งนะคะ"
"ครับ","อาจารย์ได้มีการตรวจสอบเอกสารให้เรียบร้อยแล้วนะคะ เบื้องต้นนักศึกษาจะขาดเอกสาร ใบประกอบวิชาชีพครูค่ะ อาจารย์รบกวนนักศึกษาไฟล์สแกนที่เป็น PDF ที่ชัดเจนทุกตัวอักษร ชัดเจน ไม่เบลอ ไม่จาง ให้อาจารย์ได้หรือไม่คะ เนื่องจากอาจารย์จะทำการส่งเอกสารให้กับทางฝ่ายยทะเบียนค่ะ"
"ให้ผมส่งทางช่องทางไลน์เหรอครับ","นักศึกษาสามารถส่งทางช่องแชทนี้ได้เลยนะคะ"
"รับรองสำเนาไหมครับ","นักศึกษาสามารถเซ็นรับรองสำเนามาด้วยได้ค่ะ"
"ครับ","สวัสดีค่ะ"
"เพราะผมส่งเอกสารไปให้ทางไปรษณีย์กับอาจารย์ครับ","เป็นรองอธิการของมหาวิทยาลัยค่ะนักศึกษา"
"อย่างละ 2 ชุด","รับทราบค่ะ อาจารย์รบกวนขอไฟล์บัตรประชาชนอีกครั้งนะคะ เนื่องจากที่แนบมาไม่ชัดเจนค่ะ รบกวนด้วยนะคะนักศึกษา ขอบคุณมากค่ะ"
"ครับ","หากนักศึกษาสะดวกสามารถส่งให้อาจารย์ได้เลยนะคะ หรือหากนักศึกษายังไม่สะดวกสแกนไฟล์ส่งให้อาจารย์นักศึกษาสามารถถ่ายรูปหน้าบัตรประชาชนมาให้อาจารย์ได้นะคะ"
"ส่งแล้วนะครับ","ขอบคุณค่ะนักศึกษา อาจารย์ดำเนินการให้นะคะ"
"รบกวนด้วยนะครับ","รับทราบค่ะนักศึกษา"
"ส่วนมากจะเริ่มเรียนตอนไหนครับ","นักศึกษาจะเริ่มเรียนในช่วงเดือนมิถุนายน 2569 นะคะ"
"ครับผม","สวัสดีค่ะ 🙏 อาจารย์ขออนุญาตสอบถามการชำระค่าเทอม งวดที่ 1 จำนวน 7,500 บาทค่ะ ไม่ทราบว่านักศึกษาสะดวกชำค่าเทอมในช่วงใดคะ 💰 นักศึกษาสามารถชำระเงินได้ โดยโอนเข้าบัญชีของมหาวิทยาลัยโดยตรง 🏦 ธนาคารกรุงไทย (Krungthai Bank) 👤 ชื่อบัญชี: มหาวิทยาลัยพิษณุโลก 📌 เลขที่บัญชี: 678-9-63851-2 เมื่อชำระเรียบร้อยแล้ว รบกวนนักศึกษาแจ้ง ชื่อ–สกุล พร้อมแนบสลิปการโอน เพื่อยืนยันการชำระเงินกับอาจารย์ด้วยนะคะ 📄📸 ขอบพระคุณค่ะ 🌷"
"จ่ายค่าเทอมแล้วเริ่มเรียนตอนไหนครับ","นักศึกษาจะเริ่มเรียนในช่วงเดือนมิถุนายน 2569 นะคะ"
"ผมนี้รหัส 68 หรือ 69 ครับ","สวัสดีค่ะ"
"ผมต้องจ่ายเงินค่าเทอมงวดแรกก่อนใช่ไหมครับ","นักศึกษาสามารถเข้ากลุ่มไลน์ได้เลยนะคะ"
"ชำระได้เลยใช่ไหมครับ","สามารถชำระได้เลยค่ะนักศึกษา"
"พรุ่งนี้ผมโอนให้นะครับ","รับทราบค่ะนักศึกษา"
"ตอนนี้มีรหัสนักศึกษา 69 กี่คนครับ","ประมาณ 20 คนค่ะนักศึกษา"
"โอนแล้วนะครับ","รับทราบค่ะนักศึกษา อาจารย์ดำเนินการให้นะคะ"
"ครับ","สวัสดีค่ะ 🙏 อาจารย์ขออนุญาตแจ้งการชำระค่าเทอม งวดที่ 2 จำนวน 13,000 บาทค่ะ ไม่ทราบว่านักศึกษาสะดวกชำค่าเทอมในช่วงใดคะ 💰  นักศึกษาสามารถชำระเงินได้ โดยโอนเข้าบัญชีของมหาวิทยาลัยโดยตรง 🏦 ธนาคารกรุงไทย (Krungthai Bank) 👤 ชื่อบัญชี: มหาวิทยาลัยพิษณุโลก 📌 เลขที่บัญชี: 678-9-63851-2 เมื่อชำระเรียบร้อยแล้ว รบกวนนักศึกษาแจ้ง ชื่อ–สกุล พร้อมแนบสลิปการโอน เพื่อยืนยันการชำระเงินกับอาจารย์ด้วยนะคะ 📄📸 ขอบพระคุณค่ะ 🌷"
"ครับ","เพิ่มป้ายอัตโนมัติแล้ว: ทำเครื่องหมายสถานะคำสั่งซื้อแล้วว่า ""สั่งซื้อแล้ว"""
"นายเกรียงไกร  ไชยากัน","รับทราบค่ะนักศึกษา อาจารย์ดำเนินการให้นะคะ"
"ขอบคุณครับ","ยินดีค่ะนักศึกษา"
"เชื่อมต่อบัญชีธนาคารของคุณเพื่อตรวจสอบความถูกต้องของสลิป","รับทราบค่ะนักศึกษา อาจารย์ดำเนินการให้นะคะ"
"เรียนออนไลน์ส่วนมากเรียนผ่าน ระบบ อะไรครับ","สวัสดีค่ะ"
"ครับ","อาจารย์ขออนุญาตแจ้งข้อมูลเพิ่มเติมให้ทราบนะคะ เนื่องจากทางฝ่ายหลักสูตรมีการแจ้งเข้ามาว่านักศึกษาทุนคนจำเป็นจะต้องการชำระค่าเทอมให้ครบ 40,000 บาท ก่อนวันที่ 15 พฤษภาคม 2569 เบื้องต้นนักศึกษามีการชำระค่าเทอมเข้ามาทั้งหมด 37,500 บาท ดังนั้นจึงขอความร่วมมือของนักศึกษาในการชำระเพิ่มเติมในจำนวน 2,500 บาท เพื่อให้ครบตามจำนวน 40,000 บาท ที่ทางฝ่ายหลักสูตรแจ้งค่ะ นักศึกษาสามารถชำระเงินได้ โดยโอนเข้าบัญชีของมหาวิทยาลัยโดยตรง 🏦 ธนาคารกรุงไทย (Krungthai Bank) 👤 ชื่อบัญชี: มหาวิทยาลัยพิษณุโลก 📌 เลขที่บัญชี: 678-9-63851-2 เมื่อชำระเรียบร้อยแล้ว รบกวนนักศึกษาแจ้ง ชื่อ–สกุล พร้อมแนบสลิปการโอน เพื่อยืนยันการชำระเงินกับอาจารย์ด้วยนะคะ 📄📸 ขอบพระคุณค่ะ 🌷"
"นายเกรียงไกร  ไชยากัน","รับทราบค่ะนักศึกษา อาจารย์ดำเนินการให้นะคะ"
"ต้องแนบสลิปยังไงครับเพราะผมโอนเป็นครั้งๆ","สวัสดีค่ะ"
"ทำแล้วครับ","รับทราบค่ะนักศึกษา"
"สนใจครับ","สวัสดีค่ะ"
"การโรงแรมครับ","ไม่ทราบว่าปัจจุบันนักศึกษาประกอบอาชีพใดและมีประสบการณ์ทำงานประมาณกี่ปีคะ"
"สนใจครับ","สวัสดีค่ะ"
"สนใจเรียนต่อป.เอก รัฐศาตร์ค่ะ","ไม่ทราบว่าปัจจุบันนักศึกษาประกอบอาชีพใดคะ"
"รับราชการสังกัดเทศบาล กรมส่งเสริมการปกครองค่ะ","นักศึกษาสามารถเรียนได้นะคะ ซึ่จะเรียนประมาณ 3 ปีค่ะ ค่าเทอมตลอดหลักสูตร 390,000 บาท สามารถผ่อนชำระได้นะคะ"
"สนใจค่ะ","อาจารย์ขออนุญาตส่งฟอร์มสมัครให้นะคะ"
"สนใจนิติ","สวัสดีค่ะ"
"ม6 ครับ","ไม่ทราบว่าปัจจุบันนักศึกษาประกอบอาชีพใดและมีประสบการณ์ทำงานประมารกี่ปีคะ"
"ค่าเทอมเท่าไหร่ครับ","เรื่องค่าใช้จ่ายขึ้นอยู่กับสิทธิ์เทียบโอนของแต่ละท่านค่ะ อาจารย์ขอทราบข้อมูลเบื้องต้นก่อน เพื่อแจ้งตัวเลขที่แม่นยำนะคะ - ไม่ทราบว่านักศึกษาจบวุฒิใดมาคะ? - ปัจจุบันประกอบอาชีพใดคะ? - มีประสบการณ์ทำงานประมาณกี่ปีคะ?"
"ปัจจุบันทำงานโรงไฟฟ้าเอกชน จ ระยอง  อายุงาน 25 ปี โดยประมาณครับ","นักศึกษาสามารถนำประสบการณ์ทำงานมาลดระยะเวลาในการเรียนได้นะคะ ซึ่งจะเรียนประมาณ 2 ปีค่ะ เนื่องจากนักศึกษารับราชการนักศึกษาจะได้รับทุนส่วนลดค่าเทอมนะคะ จากปกติค่าเทอมตลอดหลักสูตร 130,000 บาท เหลือเพียง 90,000 บาท ตลอดหลักสูตร สามารถผ่อนชำระได้นะคะ"
"1.ออนไลน์ตลอดหลักสูตรใช่มั้ยครับ 2. ผมทำงานเอกชน ไม่ใช่ข้าราชการ ได้รับส่วนลดค่าเทอมหรือไม่ครับ ถ้าได้ส่วนลด สนใจสมัครครับ","รูปแบบการเรียนจะเป็นการเรียนออนไลน์และสอบออนไลน์เป็นหลักค่ะนักศึกษา"
"สนใจสมัครครับอาจารย์","อาจารย์ขออนุญาตส่งฟอร์มสมัครให้นะคะ"
"apichart.s@gpscgroup.com","แบบฟอร์มสมัครเรียนปริญญาตรี มหาวิทยาลัยพิษณุโลก https://forms.gle/Aj55YB5TNsKVsu8V7"
"ืค่าสมัคร 1500 ใช่มั้ยครับ","ถูกต้องค่ะนักศึกษา"
"อภิชาติ แสวงบุญราศรี 25 ม.4 ต.หนองละลอก อ.บ้านค่าย จ.ระยอง 21120 โทร 0969935196","รับทราบค่ะนักศึกษา อาจารย์ดำเนินการให้นะคะ"
"เรียบร้อยครับ","รับทราบค่ะนักศึกษา"
"ขออนุญาตสอบถามครับ","สวัสดีค่ะ"
"ขอรายละเอียด","สวัสดีค่ะ"
"ปวส ก่อสร้าง/รับราชการครับ","ไม่ทราบว่านักศึกษามีประสบการณ์ทำงานประมาณกี่ปีคะ"
"รับราชการมา20ปีครับ","นักศึกษาสามารถนำวุฒิและประสบการณ์ทำงานมาลดระยะเวลาในการเรียนได้นะคะ ซึ่งจะเรียนประมาณ 2 ปีค่ะ เนื่องจากตอนนี้ทางมหาวิทยาลัยมีในส่วนของทุนส่วนลดค่าเทอมให้กับนักศึกษาในวัยทำงานอยู่นะคะ จากปกติค่าเทอมตลอดหลักสูตร 130,000 บาท เหลือเพียง 90,000 บาทตลอดหลักสูตร สามารถผ่อนชำระได้นะคะ"
"สนใจครับ","สวัสดีค่ะ"
"ว่างงาน รอบรรจุข้าราชการท้องถิ่น กับพลเรือน","สวัสดีค่ะ ไม่ทราบว่านักศึกษามีประสบการณ์ทำงานในด้านอื่นๆหรือไม่คะ หากมีนักศึกษามีประสบการณ์ทำงานในด้านอื่นๆประมาณกี่ปีคะ"
"จบโท เอก ครับ แล้วตัดสินใจมารับราชการครับ แต่อยากเรียนนิติศาสตร์เพิ่มครับ","นักศึกษาสามารถนำวุฒิ ป.ตรี ที่มีมาลดระยะเวลาในการเรียนได้นะคะ ซึ่งจะเรียนประมาณ 2 ปีค่ะ เนื่องจากตอนนี้ทางมหาวิทยาลัยมีในส่วนของทุนส่วนลดค่าเทอมให้กับนักศึกษาในวัยทำงานอยู่นะคะ จากปกติค่าเทอมตลอดหลักสูตร 130,000 บาท เหลือเพียง 90,000 บาทตลอดหลักสูตร สามารถผ่อนชำระได้นะคะ"
"ขอดูวิชาที่ต้องลงเรียนได้ไหมครับ","อาจารย์ขออนุญาตส่งโครงสร้างหลักสูตรและตารางเรียนของภาคเรียนที่ 1 ปี 2569 ให้นะคะ"
"ขอบคุณครับ อ.","ยินดีค่ะนักศึกษา"
"คุณให้บริการอะไรบ้าง","สวัสดีค่ะ"
"สนใจครับ","สวัสดีค่ะ"
"รัฐศาสตร์ มหาลัยรามคำแหงคับ","ไม่ทราบว่าปัจจุบันนักศึกษาประกอบอาชีพใดและมีประสบการณ์ทำงานประมาณกี่ปีคะ"
"งานขาบคับ","นักศึกษาสามารถนำวุฒิและประสบการณ์ทำงานมาลดระยะเวลาในการเรียนได้นะคะ ซึ่งจะเรียนประมาณ 2 ปีค่ะ เนื่องจากตอนนี้ทางมหาวิทยาลัยมีในส่วนของทุนส่วนลดค่าเทอมให้กับนักศึกษาในวัยทำงานอยู่นะคะ จากปกติค่าเทอมตลอดหลักสูตร 130,000 บาท เหลือเพียง 90,000 บาทตลอดหลักสูตร สามารถผ่อนชำระได้นะคะ"
"เทียบโอนได้กี่ หน่วยกิต คับ","ในส่วนของการเทียบโอนรายวิชาทางฝ่ายหลักสูตรจะทำการเทียบโอนรายวิชาให้กับนักศึกษาอีกครั้งหลังจากนักศึกษาทำการสมัครเข้ามานะคะ"
"สนใจครับ","สวัสดีค่ะ"
"บริหารธุระกิจ (นอร์ท-เชีบงใหม่) ปัจจุบัน สมาชิกกองอาสารักษาดินแดน","ไม่ทราบว่านักศึกษามีประสบการณ์ทำงานประมาณกี่ปีคะ"
"8ปีครับ","นักศึกษาสามารถนำวุฒิและประสบการณ์ทำงานมาลดระยะเวลาในการเรียนได้นะคะ ซึ่งจะเรียนประมาณ 2 ปีค่ะ เนื่องจากตอนนี้ทางมหาวิทยาลัยมีในส่วนของทุนส่วนลดค่าเทอมให้กับนักศึกษาในวัยทำงานอยู่นะคะ จากปกติค่าเทอมตลอดหลักสูตร 130,000 บาท เหลือเพียง 90,000 บาทตลอดหลักสูตร สามารถผ่อนชำระได้นะคะ"
"ขอทราบรายละเอียดโครงสร้างหลักสูตร","สวัสดีค่ะ"
"รับราชการ ระดับชำนาญการพิเศษ","ไม่ทราบว่านักษาศึกษามีประสบการณ์ทำงานประมาณกี่ปีคะ"
"สนใจครับ","สวัสดีค่ะ"
"สอบถามเรียนโทค่ะ","สวัสดีค่ะ"
"บริหารการศึกษาค่ะ","ขออภัยค่ะ หากเป็นหลักสูตรปริญยาโท สาขา บริหารการศึกษา ตอนนี้โควต้าที่นั่งจะเต็มเรียบร้อยแล้วค่ะนักศึกษา ขออภัยในความไม่สะดวกด้วยนะคะ"
"ตลอดหลักสูตรเท่าไรครับ","สวัสดีค่ะ"
"ป.ตรีครับ","ไม่ทราบว่าปัจจุบันนักศึกษาประกอบอาชีพใดและมีประสบการณ์ทำงานประมาณกี่ปีคะ"
"พนักงานบริษัทครับ","ไม่ทราบว่านักศึกษามีประสบการณ์ทำงานประมาณกี่ปีคะ เนื่องจากนักศึกษาสามารถนำประสบการณ์ทำงานมาลดระยะเวลาในการเรียนได้นะคะ"
"27ปีครับ","นักศึกษาสามารถนำวุฒิและประสบการณ์ทำงานมาลดระยะเวลาในการเรียนได้นะคะ ซึ่งจะเรียนประมาณ 2 ปีค่ะ เนื่องจากตอนนี้ทางมหาวิทยาลัยมีในส่วนของทุนส่วนลดค่าเทอมให้กับนักศึกษาในวัยทำงานอยู่นะคะ จากปกติค่าเทอมตลอดหลักสูตร 130,000 บาท เหลือเพียง 90,000 บาทตลอดหลักสูตร สามารถผ่อนชำระได้นะคะ"
"จบทปวส บริหารการจัดการ ประสบการ์ณทำงานเกิน 10 ปีครับ","สวัสดีค่ะ"
"สนใจครับ","สวัสดีค่ะ"
"มีด้านสาสุขไหม","สวัสดีค่ะ"
"ขอบคุณคะ","ยินดีค่ะนักศึกษา"
"สนใจสอบถาม ป.บัณฑิตคับ","สวัสดีค่ะ"
"สอบจบ ศิลปศาสตร์ เอกการจัดการอุตสหกรรมท่องเที่ยวเชิงนิเวศน์และการจัดการภาคบริการ เป็นครูพิเศษ วิทยาลัยอาชีวภูเก็ต แผนกการจัดการอุตสาหกรรมท่องเที่ยว","ไม่ทราบว่านักศึกษามีเอกสารรับรองหรือสัญญาจ้างที่ระบุว่านักศึกษาอยู่ในตำแหน่งครูผู้สอนหรือไม่คะ"
"มีสัญญาจ้างคับ","อาจารย์ส่งรายละเอียดให้นะคะ"
"มีเปิดกี่รอบครับอาจารย์","ในปีการศึกษา 2569 จะมีการเปิดรับสมัครรอบเดียวค่ะนักศึกษา เมื่อโควต้าเต็มตามที่ คุรุสภา กำหนดจะปิดรับสมัครทันทีและจะไปเปิดรับสมัครปีครั้งในปี 2570 ค่ะนักศึกษา"
"ค่าใช้จ่ายเท่าไหร่ครับ","สวัสดีค่ะ"
"ป.ตรี รับราชการ ครับ","ไม่ทราบว่านักศึกษามีประสบการณ์ทำงานประมาณกี่ปีคะ"
"10 ปี","นักศึกษาสามารถนำวุฒิและประสบการณ์ทำงานมาลดระยะเวลาในการเรียนได้นะคะ ซึ่งจะเรียนประมาณ 2 ปีค่ะ เนื่องจากตอนนี้ทางมหาวิทยาลัยมีในส่วนของทุนส่วนลดค่าเทอมให้กับนักศึกษาในวัยทำงานอยู่นะคะ จากปกติค่าเทอมตลอดหลักสูตร 130,000 บาท เหลือเพียง 90,000 บาทตลอดหลักสูตร สามารถผ่อนชำระได้นะคะ"
"รับโอนวิชา ที่เรียนผ่านมา ได้ด้วยไหมครับ","สามารถเทียบโอนรายวิชาได้ค่ะ ไม่ทราบว่านักศึกษาจบ ป.ตรี สาขาใดมาคะ"
"โครงสร้างรายวิชา ครับ","อาจารย์ส่งโครงสร้างหลักสูตรให้นะคะนักศึกษา"
"สนใจสมัครเรียน","สวัสดีค่ะ"
"เรียนแบบไหน","สวัสดีค่ะ"
"ค่าใช้จ่ายประมาณเท่าไหร่ครับ","เรื่องค่าใช้จ่ายขึ้นอยู่กับสิทธิ์เทียบโอนของแต่ละท่านค่ะ อาจารย์ขอทราบข้อมูลเบื้องต้นก่อน เพื่อแจ้งตัวเลขที่แม่นยำนะคะ - ไม่ทราบว่านักศึกษาจบวุฒิใดมาคะ? - ปัจจุบันประกอบอาชีพใดคะ? - มีประสบการณ์ทำงานประมาณกี่ปีคะ?"
"เรียน online or onside ครับ","รูปแบบการเรียนและการสอบจะเป็นระบบออนไลน์ (Online) 100% โดยจะเรียนเฉพาะวันเสาร์-อาทิตย์เป็นหลักค่ะ ในส่วนของค่าใช้จ่าย อาจารย์ขออนุญาตสอบถามข้อมูลเพิ่มเติมเพื่อแจ้งรายละเอียดที่แม่นยำนะคะ: - ไม่ทราบว่านักศึกษาจบวุฒิใดมาคะ? - ปัจจุบันประกอบอาชีพใดคะ? - มีประสบการณ์ทำงานประมาณกี่ปีคะ?"
"ปโท รัฐประศาสนศาสตร์ นิด้าสุราษธานี ปัจจุบันทำงานภาคเอกชน. ประสบการทำงาน 15 ปี.","ขอบคุณสำหรับข้อมูลครบถ้วนค่ะ นักศึกษาสามารถนำวุฒิและประสบการณ์ทำงานมาลดระยะเวลาในการเรียนได้นะคะ ซึ่งจะเรียนประมาณ 2 ปีค่ะ เนื่องจากตอนนี้ทางมหาวิทยาลัยมีในส่วนของทุนส่วนลดค่าเทอมให้กับนักศึกษาในวัยทำงานอยู่นะคะ จากปกติค่าเทอมตลอดหลักสูตร 130,000 บาท เหลือเพียง 90,000 บาทตลอดหลักสูตร สามารถผ่อนชำระได้นะคะ นี่คือรายละเอียดและตารางค่าเทอมของสาขานิติศาสตร์ค่ะ"
"อันนี้คือ ป.เอก ใช่ไหมครับ","ขออภัยในการส่งข้อมูลที่ผิดพลาดนะคะนักศึกษา เนื่องจากเป็นการตอบกลับของข้อความอัตโนมัติจึงทำให้การส่งข้อความที่ผิดพลาดได้ค่ะ อาจารย์ขออนุญาตส่งข้อมูลให้ใหม่นะคะ"
"ขอบคุณสำหรับข้อมูล น่าจะเรียนปีหน้าครับ พอจบปีนี้ครับ","รับทราบค่ะนักศึกษา หากนักศึกษาสะดวกสมัครช่วงใดสามารถแจ้งอาจารย์ได้เลยนะคะ อาจารย์จะทำการส่งฟอร์มสมัครให้ค่ะ"
"ขอบคุณครับ","ยินดีค่ะนักศึกษา"
"ขอทราบรายละเอียดค่ะ","สวัสดีค่ะ"
"ทำธุรกิจส่วนตัวค่ะ","นักศึกษาสามารถเรียนได้นะคะ ทางมหาวิทยาลัยจะไม่ได้จำกัดในส่วนของอายุค่ะ"
"ส่วนตัวชอบ อาญา มากๆ","ไม่ทราบว่านักศึกษามีประสบการณ์ทำงานในด้านอื่นๆหรือไม่คะ หากมีนักศึกษามีประสบการณ์ทำงานในด้านอื่นๆประมาณกี่ปีคะ"
"จึงอยากทราบข้อมูลค่ะ","นักศึกษาสามารถนำวุฒิและประสบการณ์ทำงานมาลดระยะเวลาในการเรียนได้นะคะ ซึ่งจะเรียนประมาณ 2 ปีค่ะ เนื่องจากตอนนี้ทางมหาวิทยาลัยมีในส่วนของทุนส่วนลดค่าเทอมให้กับนักศึกษาในวัยทำงานอยู่นะคะ จากปกติค่าเทอมตลอดหลักสูตร 130,000 บาท เหลือเพียง 90,000 บาทตลอดหลักสูตร สามารถผ่อนชำระได้นะคะ"
"สนใจครับ","สวัสดีค่ะ"
"ค่าใช้จ่ายตลอดหลักสูตรเท่าไรคะ","สวัสดีค่ะ"
"สนใจครับ","สวัสดีค่ะ"
"สนใจครับ","สวัสดีค่ะ"
"ปอตรี รัฐศาสตร์","ไม่ทราบว่าปัจจุบันนักศึกษาประกอบอาชีพใดและมีประสบการณ์ทำงานประมาณกี่ปีคะ"
"สนใจครับ","สวัสดีค่ะ"
"สนใจครับ","Somsak Sook ตอบกลับโฆษณา"
"ค่าใช้จ่ายหลักสูตร","สวัสดีค่ะ"
"สนใจครับ","สวัสดีค่ะ"
"ค่าเทอมป.ตรี นิติศาสตร์เท่าไรครับ","สวัสดีค่ะ"
"สนใจ","สวัสดีค่ะ"
"ทำงานเป็นครู","นักศึกษาจะเรียนประมาณ 3 ปีนะคะ ค่าเทอมตลอดหลักสูตรอยู่ที่ 350,000 บาทค่ะ สามารถผ่อนชำระได้นะคะ"
"สนใจครับ","สวัสดีค่ะ ปัจจุบันหลักสูตรปริญญาตรี (เรียนออนไลน์ เสาร์-อาทิตย์) เปิดรับสมัคร 3 สาขา ได้แก่: - สาขานิติศาสตร์ - สาขารัฐประศาสนศาสตร์ - สาขาบัญชี เพื่อความสะดวกในการตรวจสอบสิทธิประโยชน์ อาจารย์ขออนุญาตสอบถามข้อมูลเบื้องต้นนะคะ: - ไม่ทราบว่านักศึกษาจบวุฒิใดมาคะ? - ปัจจุบันประกอบอาชีพใดคะ? - มีประสบการณ์ทำงานประมาณกี่ปีคะ?"
"สนใจ ป.เอก สาขารัฐประศาสนศาสตร์","สวัสดีค่ะ ปัจจุบันหลักสูตรปริญญาเอกเปิดรับสมัครสาขารัฐประศาสนศาสตร์อยู่นะคะ ขออนุญาตสอบถามข้อมูลเบื้องต้นนะคะ: - ไม่ทราบว่านักศึกษาจบวุฒิใดมาคะ - ปัจจุบันประกอบอาชีพใดคะ"
"จบ ป.โท รัฐประศาสนศาสตร์","ขอบคุณมากค่ะ รับทราบข้อมูลวุฒิปริญญาโทรัฐประศาสนศาสตร์เรียบร้อยแล้ว ไม่ทราบว่าปัจจุบันประกอบอาชีพอะไรคะ"
"เป็นครูโรงเรียนเอกชน","นักศึกษาสามารถเรียนได้ค่ะ หลักสูตรใช้เวลาเรียนประมาณ 3 ปี (6 เทอม) ค่ะ 📚 หลักสูตรปริญญาเอก สาขารัฐประศาสนศาสตรดุษฎีบัณฑิต รูปแบบการเรียน: Hybrid เรียนออนไลน์เป็นหลัก หรือมาเรียนออนไซต์ที่มหาวิทยาลัยได้ 🗓 เรียนวันเสาร์-อาทิตย์เป็นหลัก (เข้ามหาวิทยาลัยน้อยมาก เฉพาะกิจกรรมที่นัดล่วงหน้า) 💰 ค่าใช้จ่าย - ค่าสมัคร: 1,500 บาท (ชำระตอนสมัคร) - ค่าเทอมตลอดหลักสูตร: 390,000 บาท ผ่อนชำระรายเดือนได้ตามเงื่อนไขมหาวิทยาลัย แผนการเรียนมี 2 แผน - แผน 1.1 เน้นทำวิทยานิพนธ์และวิจัย ตีพิมพ์วารสารนานาชาติ 2 ฉบับ ตามที่ อว. กำหนด - แผน 2.1 เรียนรายวิชาพื้นฐาน และตีพิมพ์วารสาร TCI 1 ฉบับ (เกณฑ์จบง่ายกว่า) 📑 หลักสูตรได้รับการรับรองจาก ก.พ. และ ก.ค.ศ. เรียบร้อยแล้ว 💖"
"สนใจครับ ขอรายละเอียด","สวัสดีค่ะ"
"รับราชการมา 7 ปีแล้วครับ","อาจารย์ส่งรายละเอียดให้นะคะ"
"รับสมัครอย่างไรครับ","เบื้องต้นหลักสูตรนี้จะคัดกรองจากนักศึกษาที่คุณสมบัติครบถ้วนค่ะ ซึ่งก่อนหน้านี้ที่อาจารย์ได้มีการสอบถามรายละเอียดเบื้องต้นไปแล้ว อาจารย์เห็นว่านักศึกษามีคุณสมบัติตรงตามเงื่อนไข อาจารย์จึงส่งรายละเอียดหลักสูตรให้ค่ะ ซึ่งในส่วนนี้ หากนักศึกษาชำระค่าสมัครเข้ามาก็สามารถรอเรียนได้เลยค่ะ เนื่องจากคุณสมบัติตรงตามเงื่อนไขตามที่คุรุสภากำหนดนะคะ"
"เรียนจบ มหาลัยขอใบประกอบผู้บริหารให้ หรือ ต้องเดินเรื่องเองครับ","เมื่อเรียนจบนักศึกษาสามารถนำวุฒิไปยื่นขอใบอนุญาตผู้บริหารสถานศึกษาได้เลยนะคะ"
"หรือออนไลน์อย่างเดียว","นักศึกษาหมายถึงต้องเข้ามหาวิทยาลัยบ่อยไหมใช่หรือไม่คะ"
"ผมมองหาที่ออนไลน์เป็นหลักครับ","ส่วนใหญ่จะเป็นการเรียนออนไลน์เป็นหลักค่ะนักศึกษา อาจจะออนไซต์บ้าง รายวิชาละ 1 ครั้ง หรือเทอมละ 1 ครั้งค่ะ ขึ้นอยู่กับทางอาจารย์ประจำหลักสูตรอีกทีนะคะ แต่จะมีการนัดและแจ้งล่วงหน้าเพื่อให้เตรียมตัวอยู่แล้วค่ะนักศึกษา นักศึกษาไม่ต้องกังวลนะคะ"
"แล้วสมัครอย่างไรครับ","เบื้องต้นจะมีเพียงค่าสมัคร 1,500 บาทค่ะนักศึกษา"
"ครับ","สวัสดีค่ะ 🙏 อาจารย์ขออนุญาตสอบถามค่ะ ไม่ทราบว่านักศึกษาทำการกรอกฟอร์มสมัครเข้ามาเรียบร้อยแล้วหรือไม่คะ📝 เนื่องจากตอนนี้มีผู้สมัครเข้ามาเป็นจำนวนมาก จึงทำให้โควต้าที่นั่งใกล้เต็มแล้วค่ะ⏳ หากสนใจหรือติดปัญหาด้านใด สามารถแจ้งอาจารย์หรือโทรเข้ามาสอบถามข้อมูลเพิ่มเติมได้เลยนะคะ ☎️😊 ศูนย์รับสมัครนักศึกษา มหาวิทยาลัยพิษณุโลก 🎓  เบอร์ : 065-616-6468  นักศึกษาสามารถโทรเข้ามาสอบถามได้ในวันและเวลาราชการ ที่เบอร์ดังกล่าวได้เลยนะคะ"
"ผมก็กรอกไปพรุ่งนี้นะครับ","รับทราบค่ะนักศึกษา นักศึกษาสามารถชำระค่าสมัครเข้ามาก่อนได้นะคะและนักศึกษาสามารถทำการกรอกฟอร์มสมัครภายหลังได้ค่ะ"
"กี่บาทครับ","ค่าสมัคร 1,500 บาทค่ะนักศึกษา"
"ปีนี้รับกี่คนครับ","สวัสดีค่ะ"
"ทำไมว่างเหรอครับ ช่องนี้","นักศึกษาไม่ต้องกังวลนะคะ เบื้องต้นหลักสูตรผ่านการรับรองจากทาง คุรุสภา เรียบร้อยแล้วนะคะและเมื่อเรียนจบแล้วนักศึกษาสามารถนำวุฒิไปยื่นขอใบอนุญาตผู้บริหารสถานศึกษาได้เลยนะคะ"
"แต่ยังไม่ได้กรอกข้อมูลเลย","อาจารย์รบกวนนักศึกษาแจ้งชื่อ-นามสกุลให้อาจารย์นะคะ"
"นายณัฐวุฒิ   ณ แฉล้ม ครับ","หากนักศึกษาสะดวกสามารถกรอกฟอร์มสมัครที่อาจารย์ส่งให้ได้เลยนะคะ"
"ครับ","รับทราบค่ะนักศึกษา อาจารย์ดำเนินการให้นะคะ"
"กรอกในลิงค์นี้เหรอครับ","ถูกต้องค่ะนักศึกษา"
"คืออะไรครับ ปีที่จบ หรือปีที่เข้าเรียน","เป็นปีการศึกษาที่นักศึกษาสำเร็จการศึกษาในระดับปริญญาตรีค่ะ"
"ครับผม","หากนักศึกษาทำการกรอกฟอร์มสมัครเรียบร้อยแล้วนักศึกษาสามารถแจ้งอาจารย์ได้เลยนะคะ"
"วันนี้ผมดำเนินการให้นะครับ","รับทราบค่ะนักศึกษา"
"ผมกรอกข้อมูลไปแล้วนะครับ","รับทราบค่ะนักศึกษา อาจารย์ดำเนินการให้นะคะ"
"ผมทำไรต่อครับ","เบื้องต้นอาจารย์ทำการตรวจสอบเอกสารของนักศึกษาให้ก่อนนะคะ"
"ประกาศรายชื่อผู้มีสิทธิ์เข้าเรียน วันไหนครับ","อาจารย์สอบถามอาจารย์ฝ่ายหลักสูตรให้นะคะนักศึกษา หากได้ข้อมูลอย่างไรอาจารย์จะรีบแจ้งให้นักศึกษาทราบนะคะ"
"ครับ","อาจารย์ได้มีการตรวจสอบเอกสารให้เรียบร้อยแล้วนะคะ เบื้องต้นนักศึกษาจะขาดเอกสาร - ใบแสดงผลการเรียน (Transcript) อาจารย์รบกวนนักศึกษาไฟล์สแกนที่เป็น PDF ที่ชัดเจนทุกตัวอักษร ชัดเจน ไม่เบลอ ไม่จาง ให้อาจารย์ได้หรือไม่คะ เนื่องจากอาจารย์จะทำการส่งเอกสารให้กับทางฝ่ายทะเบียนค่ะ"
"ครับ","หากนักศึกษารวบรวมเอกสารเรียบร้อยแล้วสามารถส่งมาให้อาจารย์ทางช่องแชทนี้ได้เลยนะคะ"
"ส่งไปแล้วนะครับ","รับทราบค่ะนักศึกษา อาจารย์ดำเนินการให้นะคะ"
"ครับ","Nattawut Nachalam ตอบกลับโฆษณา"
"รับกี่คนครับบริหารการศึกษา","สวัสดีค่ะ"
"จะไม่มีปัญหาใช่ไหมครับ","ไม่มีปัญหาค่ะนักศึกษา เบื้องต้นนักศึกษาทำการสมัครเข้ามาเรียบร้อยแล้ว นักศึกษาสามารถรอประกาศรายชื่อผู้มีสิทธิ์เข้าศึกษาในหลักสูตรศึกษาศาสตรมหาบัณฑิต สาขา บริหารการศึกษา ในช่วงวันที่ 31 มีนาคม 2569 ได้เลยนะคะ"
"ครับ","สวัสดีค่ะ  อาจารย์ขออนุญาตสอบถามการชำระค่าเทอม งวดที่ 1 จำนวน 7,500 บาทค่ะ ไม่ทราบว่านักศึกษาสะดวกชำค่าเทอมในช่วงใดคะ  นักศึกษาสามารถชำระเงินได้ โดยโอนเข้าบัญชีของมหาวิทยาลัยโดยตรง  ธนาคารกรุงไทย (Krungthai Bank)  ชื่อบัญชี: มหาวิทยาลัยพิษณุโลก  เลขที่บัญชี: 678-9-63851-2 เมื่อชำระเรียบร้อยแล้ว รบกวนนักศึกษาแจ้ง ชื่อ–สกุล พร้อมแนบสลิปการโอน เพื่อยืนยันการชำระเงินกับอาจารย์ด้วยนะคะ  ขอบพระคุณค่ะ"
"ในกลุ่มไลน์เงียบเลย","ในภาคการเรียนที่ 1 ปีการศึกษา 2569 จะเปิดเรียนในช่วงวันที่ 6 มิถุนายนค่ะนักศึกษา"
"แถมเจ้าหน้าที่ออกจากกลุ่มเรื่อยเลยครับ","รับทราบค่ะนักศึกษา"
"ช่วยชี้แจงหน่อยนะครับ","สวัสดีค่ะ"
"ยังไงพรุ่งนี้อาจารย์แจ้งมานะครับ","รับทราบค่ะนักศึกษา หากได้ข้อมูลเพิ่มเติมอาจารย์จะรีบแจ้งให้นักศึกษาทราบนะคะ"
"ขอบคุณมากครับ","สวัสดีค่ะ อาจารย์ได้ทำการสอบถามกับอาจารย์ฝ่ายหลักสูตรให้เรียบร้อยแล้วนะคะนักศึกษา ทางอาจารย์ฝ่ายหลักสูตรแจ้งว่า เบื้องต้นได้ทำการแจ้งกับประธานหลักสูตร และท่านคณบดีเรียบร้อยแล้วค่ะ และทางอาจารย์ประจำหลักสูตรจะแจ้งข้อมูลให้ทราบในวันทำการอีกครั้งนะคะ เนื่องจากวันนี้เป็นวันหยุดทำการจึงอาจจะทำให้การให้ข้อมูลกับนักศึกษาล่าช้าได้ค่ะ และหากได้ข้อมูลอย่างไรอาจารย์จะรีบแจ้งให้นักศึกษาทราบทันทีนะคะ"
"ครับผม ขอบคุณมากครับ","ยินดีค่ะนักศึกษา"
"ยังไงได้ข้อสรุปแล้ว อ. แจ้งมานะครับ ผมได้โอนงวดแรกให้ 7,500 บาท","ได้เลยค่ะนักศึกษา หากได้ข้อมูลอย่างไรอาจารย์จะรีบแจ้งให้นักศึกษาทราบนะคะ"
"สรุปว่าอย่างไรบ้างครับ","สวัสดีค่ะ อาจารย์ขออนุญาตสอบถามค่ะ ไม่ทราบว่านักศึกษาสะดวกให้อาจารย์โทรแจ้งรายละเอียดหรือไม่คะ"
"ได้ครับ","รับทราบค่ะนักศึกษา"
"แจ้งมาทางนี้ได้ไหมครับ","หากเอกสารเรียบร้อยแล้วอาจารย์ทำการส่งให้นักศึกษาอีกครั้งนะคะ"
"วันที่แล้วแต่ผมเลยเหรอครับ","ถูกต้องค่ะนักศึกษาแต่ต้องตรงตามเงื่อนไขในส่วนของตารางการผ่อนชำระนะคะ"
"ผมจ่ายค่าสมัครไปตั้งนานมากแล้ว","นักศึกษาสามารถชำระย้อนหลังได้นะคะ"
"ถ้านับแบบนั้น เข้างวดที่ 4-5 ไปแล้วครับ","เนื่องจากในช่วงหลังจากชำระค่าสมัครนักศึกษาได้มีการแจ้งอาจารย์ว่าจะรอทางมหาวิทยาลัยประกาศรายชื่อก่อนจึงจะเริ่มผ่อนชำระนะคะ"
"อ่อ งั้นขอเริ่ม 7,500 บาท วันที่ 15 นี้ ได้ไหมครับ","ได้ค่ะนักศึกษา หากนักศึกษาชำระในวันที่ 15 พฤษภาคมนี้ อาจารย์รบกวนนักศึกษาชำระค่าเทอมเข้ามาก่อนช่วง 15.30 น. นะคะ เนื่องจากอาจารย์จะต้องดำเนินการให้ทางฝ่ายการเงินออกใบเสร็จค่าเทอมให้นักศึกษาค่ะ"
"ผมสงสงสัยงวดที่ 4-9 คือรายเดือนต่อเนื่องเลยเหรอครับ","ถูกต้องค่ะนักศึกษา"
"รหัสนักศึกษา ดูได้จากไหนครับ","สวัสดีค่ะ อาจารย์ตรวจสอบรหัสนักศึกษากับฝ่ายทะเบียนให้นะคะนักศึกษา"
"หากต้องปรับตรงไหน แจ้งมานะครับ","รับทราบค่ะนักศึกษา อาจารย์ตรวจสอบให้นะคะ"
"ส่งไปใหม่แล้วครับ","รับทราบค่ะนักศึกษา อาจารย์ดำเนินการส่งเอกสารให้กับอาจารย์ฝ่ายหลักสูตรให้นะคะนักศึกษา"
"ครับ","เพิ่มป้ายอัตโนมัติแล้ว: ตั้งระยะข้อมูลของลูกค้าเป็น ""การรับข้อมูล"" แล้ว"
"ผลว่าอย่างไรรบกวนแจ้งมาด้วยนะครับ","รับทราบค่ะนักศึกษา หากข้อมูลอัปเดทเพิ่มเติมอาจารย์จะรีบแจ้งให้นักศึกษาทราบนะคะ"
"เอกสารผม มหาวิทยาลัยอนุมัติยัง","สวัสดีค่ะ"
"นายณัฐวุฒิ  ณ แฉล้ม","รับทราบค่ะนักศึกษา อาจารย์ดำเนินการให้นะคะ"
"ขอบคุณครับ","ยินดีค่ะนักศึกษา"
"ขอบคุณครับ","ยินดีค่ะนักศึกษา"
"ขอบคุณครับ","ยินดีค่ะนักศึกษา"
"ครับ","เพิ่มป้ายอัตโนมัติแล้ว: ทำเครื่องหมายสถานะคำสั่งซื้อแล้วว่า ""สั่งซื้อแล้ว"""
"สนใจครับ","สวัสดีค่ะ ปัจจุบันหลักสูตรปริญญาตรี (เรียนออนไลน์ เสาร์-อาทิตย์) เปิดรับสมัคร 3 สาขา ได้แก่: - สาขานิติศาสตร์ - สาขารัฐประศาสนศาสตร์ - สาขาบัญชี เพื่อความสะดวกในการตรวจสอบสิทธิประโยชน์ อาจารย์ขออนุญาตสอบถามข้อมูลเบื้องต้นนะคะ: - ไม่ทราบว่านักศึกษาจบวุฒิใดมาคะ? - ปัจจุบันประกอบอาชีพใดคะ? - มีประสบการณ์ทำงานประมาณกี่ปีคะ?"
"รายละเอียดให้ดูหน่อยค่ะ","ขอบคุณที่สนใจค่ะ ปัจจุบันเรามี 3 สาขาคือ นิติศาสตร์ รัฐประศาสนศาสตร์ และบัญชี ซึ่งรายละเอียดแต่ละสาขาจะแตกต่างกัน อาจารย์รบกวนขอข้อมูลเบื้องต้นก่อนนะคะ เพื่อที่จะสามารถแจ้งรายละเอียดที่เหมาะสมกับวุฒิและสิทธิ์เทียบโอนของนักศึกษาได้อย่างถูกต้องค่ะ - ไม่ทราบว่านักศึกษาจบวุฒิใดมาคะ? - ปัจจุบันประกอบอาชีพใดคะ? - มีประสบการณ์ทำงานประมาณกี่ปีคะ?"
"พยาบาลศาสตร์บัณฑิตค่ะ ตำแหน่งปัจจุบันพยาบาลวิชาชีพชำนาญการปฏิบัติงาน 27 ปี ลาออกจากราชการมา 1ปีโรงเรียนของมสธ. ผ่านกฎหมายเบื้องต้น 1 วิชา  อยากจบเร็วกว่า  เลยลองสอบถามข้อมูลค่ะ","ขอบคุณสำหรับข้อมูลค่ะ อาจารย์ได้รับข้อมูลว่าวุฒิการศึกษาคือพยาบาลศาสตร์บัณฑิต ตำแหน่งปัจจุบันคือพยาบาลวิชาชีพชำนาญการปฏิบัติงาน มีประสบการณ์รวม 27 ปี (ลาออกจากราชการมา 1 ปี) และเรียนจาก มสธ. ผ่านกฎหมายเบื้องต้น 1 วิชา ไม่ทราบว่าสนใจเรียนสาขานิติศาสตร์ รัฐประศาสนศาสตร์ หรือบัญชี ดีคะ?"
"นิติศาสตร์","ขอบคุณสำหรับข้อมูลครบถ้วนค่ะ นักศึกษาสามารถนำวุฒิและประสบการณ์ทำงานมาลดระยะเวลาในการเรียนได้นะคะ ซึ่งจะเรียนประมาณ 2 ปีค่ะ เนื่องจากตอนนี้ทางมหาวิทยาลัยมีในส่วนของทุนส่วนลดค่าเทอมให้กับนักศึกษาในวัยทำงานอยู่นะคะ จากปกติค่าเทอมตลอดหลักสูตร 130,000 บาท เหลือเพียง 90,000 บาทตลอดหลักสูตร สามารถผ่อนชำระได้นะคะ นี่คือรายละเอียดและตารางค่าเทอมของสาขานิติศาสตร์ค่ะ"
"สนใจให้ลูกสาวเรียนครับ","สวัสดีค่ะ ปัจจุบันหลักสูตรปริญญาตรี (เรียนออนไลน์ เสาร์-อาทิตย์) เปิดรับสมัคร 3 สาขา ได้แก่: - สาขานิติศาสตร์ - สาขารัฐประศาสนศาสตร์ - สาขาบัญชี เพื่อความสะดวกในการตรวจสอบสิทธิประโยชน์ อาจารย์ขออนุญาตสอบถามข้อมูลเบื้องต้นนะคะ: - ไม่ทราบว่านักศึกษาจบวุฒิใดมาคะ? - ปัจจุบันประกอบอาชีพใดคะ? - มีประสบการณ์ทำงานประมาณกี่ปีคะ?"
"ม.6","เพื่อที่อาจารย์จะคำนวณระยะเวลาเรียนและสิทธิ์เทียบโอนให้ได้อย่างแม่นยำ รบกวนแจ้งอาชีพปัจจุบัน และประสบการณ์การทำงานของลูกสาวเพิ่มเติมด้วยนะคะ"
"พนักงานจ้างเอกชน","ขอบคุณค่ะ รบกวนแจ้งเพิ่มเติมอีกหนึ่งข้อค่ะ ลูกสาวมีประสบการณ์ทำงานประมาณกี่ปีแล้วคะ?"
"และเสมียนทนาย","รับทราบค่ะ ขออนุญาตสอบถามเพิ่มอีกเล็กน้อยนะคะ ลูกสาวมีประสบการณ์ทำงาน (รวมทั้งในตำแหน่งพนักงานจ้างเอกชนและเสมียนทนาย) ประมาณกี่ปีแล้วคะ? เพื่อที่อาจารย์จะได้คำนวณสิทธิ์เทียบโอนและระยะเวลาเรียนให้ได้อย่างถูกต้องค่ะ"
"4ปีครึ่ง","ขอบคุณสำหรับข้อมูลค่ะ ไม่ทราบว่าสนใจเรียนสาขานิติศาสตร์ รัฐประศาสนศาสตร์ หรือบัญชี ดีคะ?"
"นิติศาสตร์ครับ","ขอบคุณสำหรับข้อมูลครบถ้วนค่ะ นักศึกษาสามารถนำวุฒิและประสบการณ์ทำงานมาลดระยะเวลาในการเรียนได้นะคะ ซึ่งจะเรียนประมาณ 2 ปีค่ะ เนื่องจากตอนนี้ทางมหาวิทยาลัยมีในส่วนของทุนส่วนลดค่าเทอมให้กับนักศึกษาในวัยทำงานอยู่นะคะ จากปกติค่าเทอมตลอดหลักสูตร 130,000 บาท เหลือเพียง 90,000 บาทตลอดหลักสูตร สามารถผ่อนชำระได้นะคะ นี่คือรายละเอียดและตารางค่าเทอมของสาขานิติศาสตร์ค่ะ"
"ท่านอ.ที่เคารพเกรงจะเป็นมิจฯ จะมาสมัครด้วยตนเองได้มั้ยครับ","ขอบคุณสำหรับข้อมูลครบถ้วนค่ะ นักศึกษาสามารถนำวุฒิและประสบการณ์ทำงานมาลดระยะเวลาในการเรียนได้นะคะ ซึ่งจะเรียนประมาณ 2 ปีค่ะ เนื่องจากตอนนี้ทางมหาวิทยาลัยมีในส่วนของทุนส่วนลดค่าเทอมให้กับนักศึกษาในวัยทำงานอยู่นะคะ จากปกติค่าเทอมตลอดหลักสูตร 130,000 บาท เหลือเพียง 90,000 บาทตลอดหลักสูตร สามารถผ่อนชำระได้นะคะ นี่คือรายละเอียดและตารางค่าเทอมของสาขานิติศาสตร์ค่ะ"
"ใช่ครับ","ได้ค่ะนักศึกษา หากสะดวกเดินทางเข้าไปสมัครด้วนตนเองที่มหาวิทยาลัย หากอาจารย์รบกวนนักศึกษาแจ้งชื่อ-นามสกุล วันและเวลาที่นักศึกษาจะเดินทางไปสมัครให้อาจารย์นะคะ เนื่องจากอาจารย์จะทำการแจ้งกับทางฝ่ายทะเบียนไว้ให้ค่ะ"
"สนใจครับ","สวัสดีค่ะ ปัจจุบันหลักสูตรปริญญาตรี (เรียนออนไลน์ เสาร์-อาทิตย์) เปิดรับสมัคร 3 สาขา ได้แก่: - สาขานิติศาสตร์ - สาขารัฐประศาสนศาสตร์ - สาขาบัญชี เพื่อความสะดวกในการตรวจสอบสิทธิประโยชน์ อาจารย์ขออนุญาตสอบถามข้อมูลเบื้องต้นนะคะ: - ไม่ทราบว่านักศึกษาจบวุฒิใดมาคะ? - ปัจจุบันประกอบอาชีพใดคะ? - มีประสบการณ์ทำงานประมาณกี่ปีคะ?"
"ตอนนี้ทำงานอยู่ที่ศาลภายในจังหวัดนครราชสีมาครับ","สวัสดีค่ะ"
"มีวุฒิ ปวส.ครับเรียนกี่ปีจบครับ","อาจารย์ขออนุญาตสอบถามนะคะ ไม่ทราบว่านักศึกษาจบวุฒิใดมาและมีประสบการณ์ทำงานประมาณกี่ปีคะ"
"วุฒิ ปวส.ครับ ทำงานจะครบ 5 ปี เดือนตุลาคมนี้ครับ","นักศึกษาสามารถนำประสบการณ์ทำงานมาลดระยะเวลาในการเรียนได้นะคะ ซึ่งจะเรียนประมาณ 2 ปีค่ะ เนื่องจากนักศึกษารับราชการนักศึกษาจะได้รับทุนส่วนลดค่าเทอมนะคะ จากปกติค่าเทอมตลอดหลักสูตร 130,000 บาท เหลือเพียง 90,000 บาท ตลอดหลักสูตร สามารถผ่อนชำระได้นะคะ"
"แล้วจ่ายแรกเข้าเท่าไหร่ครับ","อาจารย์ขออนุญาตส่งฟอร์มสมัครให้นะคะ"
"ครับ","จะมีเพียงค่าสมัคร 1,500 บาทค่ะนักศึกษา"
"ครับผม","เพิ่มป้ายอัตโนมัติแล้ว: ตั้งระยะข้อมูลของลูกค้าเป็น ""การรับข้อมูล"" แล้ว"
"แล้วต้องทำไงต่อครับ","สวัสดีค่ะ"
"กลุ่มนี้ต้องแนะนำตัวไหมครับ","ไม่ต้องแนะนำตัวได้ค่ะนักศึกษา"
"ขออนุญาตสอบถามครับ เอกสารตัวจริงที่กรอกสมัครไปต้องส่งไปที่ มหาวิทยาลัย ไหมครับ","เบื้องต้นอาจารย์รวบรวมเอกสารที่นักศึกษาแนบมาในฟอร์มสมัครส่งให้กับทางฝ่ายทะเบียนเรียบร้อยแล้วค่ะนักศึกษา"
"ขอบคุณครับ","ยินดีค่ะนักศึกษา"
"ขอบคุณครับผม","สวัสดีค่ะ ปัจจุบันหลักสูตรปริญญาตรี (เรียนออนไลน์ เสาร์-อาทิตย์) เปิดรับสมัคร 3 สาขา ได้แก่: - สาขานิติศาสตร์ - สาขารัฐประศาสนศาสตร์ - สาขาบัญชี เพื่อความสะดวกในการตรวจสอบสิทธิประโยชน์ อาจารย์ขออนุญาตสอบถามข้อมูลเบื้องต้นนะคะ: - ไม่ทราบว่านักศึกษาจบวุฒิใดมาคะ? - ปัจจุบันประกอบอาชีพใดคะ? - มีประสบการณ์ทำงานประมาณกี่ปีคะ?"
"คณะนิติศาสตร์ครับ","จริงๆหลักสูตรเป็นหลักสูตร 4 ปีค่ะนักศึกษา แต่นักศึกษาสามารถนำวุฒิและประสบการณ์ทำงานมาลดระยะเวลาในการเรียนได้ ดังนั้นนักศึกษาจะใช้เวลาเรียนไม่เกิน 2  ปี แน่นอนค่ะ"
"เห็นในไลน์กลุ่มแจ้งว่าจะเริ่มเรียนวันที่ 4 ก.ค.นี้ ต้องเตรียมตัวยังไงครับ หรืออาจารย์จะแจ้งในไลน์กลุ่มอีกทีครับ","เบื้องต้นทางอาจารย์ฝ่ายหลักสูตรจะแจ้งให้ทราบในกลุ่มเรียนอีกครั้งนะคะนักศึกษา"
"ขอบคุณครับ","ยินดีค่ะนักศึกษา"
"สนใจครับ","สวัสดีค่ะ"
"สนใจครับ","สวัสดีค่ะ ปัจจุบันหลักสูตรปริญญาตรี (เรียนออนไลน์ เสาร์-อาทิตย์) เปิดรับสมัคร 3 สาขา ได้แก่: - สาขานิติศาสตร์ - สาขารัฐประศาสนศาสตร์ - สาขาบัญชี เพื่อความสะดวกในการตรวจสอบสิทธิประโยชน์ อาจารย์ขออนุญาตสอบถามข้อมูลเบื้องต้นนะคะ: - ไม่ทราบว่านักศึกษาจบวุฒิใดมาคะ? - ปัจจุบันประกอบอาชีพใดคะ? - มีประสบการณ์ทำงานประมาณกี่ปีคะ?"
"สนใจครับ","สวัสดีค่ะ ปัจจุบันหลักสูตรปริญญาตรี (เรียนออนไลน์ เสาร์-อาทิตย์) เปิดรับสมัคร 3 สาขา ได้แก่: - สาขานิติศาสตร์ - สาขารัฐประศาสนศาสตร์ - สาขาบัญชี เพื่อความสะดวกในการตรวจสอบสิทธิประโยชน์ อาจารย์ขออนุญาตสอบถามข้อมูลเบื้องต้นนะคะ: - ไม่ทราบว่านักศึกษาจบวุฒิใดมาคะ? - ปัจจุบันประกอบอาชีพใดคะ? - มีประสบการณ์ทำงานประมาณกี่ปีคะ?"
"รับราชการ ปริญญาตรี บธบ.การจัดการงานก่อสร้าง 25ปี","ขอบคุณสำหรับข้อมูลค่ะ เพื่อให้สามารถแจ้งรายละเอียดหลักสูตรและสิทธิ์เทียบโอนหน่วยกิตได้อย่างเหมาะสม ไม่ทราบว่าสนใจเรียนสาขานิติศาสตร์ รัฐประศาสนศาสตร์ หรือบัญชี ดีคะ?"
"นิติศาสตร์","ขอบคุณสำหรับข้อมูลครบถ้วนค่ะ นักศึกษาสามารถนำวุฒิและประสบการณ์ทำงานมาลดระยะเวลาในการเรียนได้นะคะ ซึ่งจะเรียนประมาณ 2 ปีค่ะ เนื่องจากตอนนี้ทางมหาวิทยาลัยมีในส่วนของทุนส่วนลดค่าเทอมให้กับนักศึกษาในวัยทำงานอยู่นะคะ จากปกติค่าเทอมตลอดหลักสูตร 130,000 บาท เหลือเพียง 90,000 บาทตลอดหลักสูตร สามารถผ่อนชำระได้นะคะ นี่คือรายละเอียดและตารางค่าเทอมของสาขานิติศาสตร์ค่ะ"
"สมัครครับ","ขอบคุณที่ยืนยันความประสงค์สมัครเรียนค่ะ อาจารย์จะดำเนินการส่งแบบฟอร์มสมัครและรายละเอียดขั้นตอนการชำระเงินให้นะคะ แบบฟอร์มสมัครเรียนปริญญาตรี มหาวิทยาลัยพิษณุโลก คลิกที่นี่: https://forms.gle/Aj55YB5TNsKVsu8V7 เพิ่มเติม นักศึกษาสามารถกรอกฟอร์มสมัครได้เลยนะคะ หากนักศึกษายังไม่สะดวกกรอกฟอร์มหรือแนบเอกสาร สามารถชำระค่าสมัครเข้ามาก่อนได้ เพื่อให้อาจารย์นำรายชื่อเข้าระบบให้ แล้วค่อยแนบเอกสารภายหลังได้ค่ะ หากดำเนินการเรียบร้อยแล้ว รบกวนแจ้งชื่อ-นามสกุล และแนบสลิปทางแชทนี้นะคะ"
"จบปตรีสามารถเทียบโอนได้ไหมแล้วค่าใช้จ่ายเรียนเทอมละเท่าไหร่","เรื่องค่าใช้จ่ายขึ้นอยู่กับสิทธิ์เทียบโอนของแต่ละท่านค่ะ อาจารย์ขอทราบข้อมูลเบื้องต้นก่อน เพื่อแจ้งตัวเลขที่แม่นยำนะคะ: - ไม่ทราบว่านักศึกษาจบวุฒิใดมาคะ? (จากที่แจ้งว่าจบปริญญาตรีแล้ว รบกวนระบุสาขาหรือชื่อวุฒิที่จบด้วยนะคะ) - ปัจจุบันประกอบอาชีพใดคะ? - มีประสบการณ์ทำงานประมาณกี่ปีคะ?"
"สนใจครับ","สวัสดีค่ะ ปัจจุบันหลักสูตรปริญญาตรี (เรียนออนไลน์ เสาร์-อาทิตย์) เปิดรับสมัคร 3 สาขา ได้แก่: - สาขานิติศาสตร์ - สาขารัฐประศาสนศาสตร์ - สาขาบัญชี เพื่อความสะดวกในการตรวจสอบสิทธิประโยชน์ อาจารย์ขออนุญาตสอบถามข้อมูลเบื้องต้นนะคะ: - ไม่ทราบว่านักศึกษาจบวุฒิใดมาคะ? - ปัจจุบันประกอบอาชีพใดคะ? - มีประสบการณ์ทำงานประมาณกี่ปีคะ?"
"มีเบอร์โทรมั๊ยคะ","ศูนย์รับสมัครนักศึกษา มหาวิทยาลัยพิษณุโลก 🎓 เบอร์ : 065-616-6468 อย่างไรก็ตาม เพื่อที่อาจารย์จะให้ข้อมูลเรื่องหลักสูตรและสิทธิประโยชน์ต่างๆ ได้อย่างครบถ้วน รบกวนแจ้งข้อมูลเบื้องต้นดังนี้ด้วยนะคะ: - ไม่ทราบว่านักศึกษาจบวุฒิใดมาคะ? - ปัจจุบันประกอบอาชีพใดคะ? - มีประสบการณ์ทำงานประมาณกี่ปีคะ?"
"ขอคุยด้วยหน่อยค่ะ","ขอบคุณที่สนใจนะคะ เดี๋ยวอาจารย์ประสานงานให้เจ้าหน้าที่แอดมินเข้ามาดูแลและตอบคำถามโดยตรงให้นะคะ"
"สนใจครับ","สวัสดีค่ะ"
"จบวุฒิ ม.6 ครับ ปัจจุบันรับราชการตำรวจครับ","ไม่ทราบว่านักศึกษามีประสบการณ์ทำงานประมาณกี่ปีคะ"
"บรรจุเป็นสิบตำรวตรี ได้ 1 ปีครับ","นักศึกษาสามารถนำวุฒิและประสบการณ์ทำงานมาลดระยะเวลาในการเรียนได้นะคะ ซึ่งจะเรียนประมาณ 2 ปีค่ะ เนื่องจากนักศึกษารับราชการนักศึกษาจะได้รับทุนส่วนลดค่าเทอมนะคะ จากปกติค่าเทอมตลอดหลักสูตร 130,000 บาท เหลือเพียง 90,000 บาท ตลอดหลักสูตร สามารถผ่อนชำระได้นะคะ"
"สนใจครับ","อาจารย์ขออนุญาตส่งฟอร์มสมัครให้นะคะ"
"ขออนุญาตสอบถามเพิ่มเติมครับ ค่าเทอมสามารถเบิกจ่ายได้ไหมครับ","นักศึกษาหมายถึงเบิกจากไหนนะคะ"
"พอดีอายุผมยังไม่เกินเกณฑ์เป็นบุตร ขรก.ครับ","เดี๋ยวอาจารย์สอบถามฝ่ายหลักสูตรให้เพิ่มเติมนะคะ หากมีอัปเดตจะรีบแจ้งให้ทราบค่ะ"
"ขอบคุณครับ🙏","ยินดีค่ะนักศึกษา หากได้ข้อมูลอย่างไรอาจารย์จะรีบแจ้งข้อมูลให้นักศึกษาทราบอีกครั้งนะคะ"
"ค่าลงทะเบียน 1,500 บาทใช่ไหมครับ","ถูกต้องค่ะนักศึกษา"
"มีกำหนดก่อนภายในวันไหนครับ","อาจารย์แนะนำให้นักศึกษาชำระค่าสมัครเข้ามาก่อนได้นะคะ เพื่อให้อาจารย์นำรายชื่อเข้าระบบและดึงนักศึกษาเข้ากลุ่มไลน์ค่ะ"
"ครับผม","หากนักศึกษากรอกฟอร์มสมัครหรือชำระค่าสมัครเรียบร้อยแล้วรบกวนนักศึกษาแจ้งชื่อ-นามสกุลและแนบสลิปค่าสมัครให้อาจารย์ทางช่องแชทนี้นะคะ"
"ผมต้องดำเนินการยังไงต่อครับ","รับทราบค่ะนักศึกษา อาจารย์ดำเนินการให้นะคะ"
"ให้ผมแจ้งชื่อในนี้ใช่ไหมครับ","ถูกต้องค่ะนักศึกษา"
"ผมต้องเลือกช่องไหนหรอครับ","ภาคพิเศษเทียบโอนค่ะนักศึกษา"
"ดำเนินดารเรียบร้อยนะครับ","รับทราบค่ะนักศึกษา อาจารย์ดำเนินการตรวจสอบเอกสารให้นะคะ"
"ขอบคุณครับ","ยินดีค่ะนักศึกษา"
"ผมต้องดำเนินการยังไงต่อไหมครับ","ไม่ทราบว่านักศึกษาเข้ากลุ่มเรียนเรียบเรียบร้อยแล้วใช่หรือไม่คะ"
"เรียบร้อยครับ","อาจารย์ทำการส่งเอกสารสมัครของนักศึกษาให้กับฝ่ายทะเบียนเรียบร้อยแล้วค่ะ เบื้องต้นรอทางฝ่ายทะเบียนตรวจสอบเอกสารสมัครของนักศึกษาอีกครั้งและนำเอกสารของนักศึกษาเข้าระบบค่ะ หากทางฝ่ายทะเบียนแจ้งรหัสนักศึกษามาให้อาจารย์เรียบร้อยแล้วอาจารย์จะแจ้งให้นักศึกษาทราบอีกครั้งนะคะ"
"ขอบคุณครั","ยินดีค่ะนักศึกษา"
"ขอบคุณครับ","ยินดีค่ะนักศึกษา"
"แล้วค่าเทอมผมต้องดำเนินการยังไงครับ","ในส่วนของการผ่อนชำระค่าเทอมนักศึกษาจะมีกำหนดชำระค่าเทอมงวดที่ 1 จำนวน 7,500 บาท ในช่วงวันที่ 11 กรกฎาคม 2569ค่ะ หรือหากนักศึกษาสะดวกชำระค่าเทอมก่อนกำหนดนักศึกษาสามารถชำระค่าเทอมผ่านบัญชีของมหาวิทยาลัยโดยตรงได้เลยนะคะ และเมื่อนักศึกษาชำระค่าเทอมเรียบร้อยแล้วอาจารย์รบกวนนักศึกษาเเจ้งชื่อ-นามสกุลและส่งสลิปที่นักศึกษาชำระค่าเทอมมาให้อาจารย์ทางช่องแชทนี้นะคะ"
"ครับผม","สวัสดีค่ะ อาจารย์ขออนุญาตส่งใบเสร็จค่าสมัครให้นะคะนักศึกษา"
"ขอบคุณครับ","ขอบคุณที่สนใจสอบถามข้อมูลนะคะ หากมีเรื่องใดต้องการข้อมูลเพิ่มเติมเกี่ยวกับการสมัครเรียน หรือสนใจสมัครหลักสูตรใดของมหาวิทยาลัยพิษณุโลก สามารถสอบถามได้ตลอดเวลาค่ะ"
"ขออนุญาตสอบถามเพิ่มเติมครับอาจารย์ ค่าเทอมสามารถเพิกจ่ายตามสวัสดิการบุตรข้าราชการได้ไหมครับ","ในส่วนนี้อาจารย์ขออนุญาตโทรติดต่อหานักศึกษาเพื่อทำการแจ้งข้อมูลเพิ่มเติมให้นะคะ"
"อาจารย์จะติดต่อช่วงไหนผมรบกวนประสานล่วงหน้าสัก 10 นามีนะครับอาจารย์ขอบคุณครัล","ไม่ทราบว่าตอนนี้นักศึกษาสะดวกหรือไม่คะ"
"ได้ครับ","@pluConnect ในส่วนนี้จะเป็นไลน์ของฝ่ายการเงินนะคะนักศึกษา"
"ขอบคุณครับอาจารย์","ยินดีค่ะนักศึกษา"
"ที่โทรคุยมาเมื่อกี้ครับ","สวัสดีค่ะ"
"สนใจสมัครครับ","อาจารย์ส่งฟอร์มสมัครให้นะคะ"
"ค่าสมัครเท่าไหร่ครับ ?","ค่าสมัคร 1,500 บาทค่ะนักศึกษา"
"แล้วผมต้องติ๊กหลักสูตร อะไรครับ","นักศึกษาสนใจหลักสูตรนิติศาสตร์ใช่หรือไม่คะ"
"55555","ภาคพิเศษ (เทียบโอน) Online / Hybrid ค่ะนักศึกษา"
"งั้นถ้าผมจ่ยตังค์รักษาสิทธิไปด่อนได้ไหมครับ","ได้ค่ะนักศึกษา"
"ช่วงนี้ยุ่งๆมาก","สวัสดีค่ะ"
"กลุ่มไลน์อะไรครับ","สวัสดีค่ะ"
"โอเคครับ","หากนักศึกษาชำระค่าสมัครเข้ามาเรียบเรียบร้อยรบกวนนักศึกษาแจ้งชื่อ-นามสกุลและเเนบสลิปค่าสมัครให้อาจารย์ทางช่องแชทนี้นะคะ"
"ส.ต.ท.ธนวัฒน์ พรมจักร ครับ","รับทราบค่ะนักศึกษา อาจารย์ดำเนินการให้นะคะ"
"รับทราบครับ","สวัสดีค่ะ"
"เดี่ยวทำให้ครับ","รับทราบค่ะนักศึกษา หากนักศึกษากรอกๆฟอร์มสมัครเรียบร้อยแล้วนักศึกษาสามารถแจ้งอาจารย์ได้เลยนะคะ"
"แาจต้อวทำหม่แล้วต้องใช้เวลาครัย","สวัสดีค่ะ"
"โอเคครับ","สวัสดีค่ะ ไม่ทราบว่านักศึกษาทำการกรอกฟอร์มสมัครเรียบร้อยแล้วหรือไม่คะ หากนักศึกษายังไม่ได้ทำการกรอกฟอร์มสมัครอาจารย์รบกวนนักศึกษากรอกฟอร์มสมัครเข้ามาไม่เกินสัปดาหนี้นะคะ เนื่องจากใกล้เปิดภาคเรียนแล้ว ทางฝ่ายทะเบียนจึงให้นักศึกษาทุกคนที่ยังไม่ได้กรอกฟอร์มสมัครเร่งกรอกฟอร์มสมัครเข้ามานะคะ เพื่อป้องกันรายชื่อตกหล่นนะคะ"
"เดี่ยวผมกรอกเท่าที่มีก่อนได้ไหมครับ","สวัสดีค่ะ"
"ว่าแต่ ถ้าเปิดเรียนต้แงเสียค่าเทอมก่อนไหมครัง","สวัสดีค่ะ นักศึกษามีกำหนดชำระค่าเทอมในวันที่ 8 มิถุยายนนี้นะคะ"
"เบอร์โทร 0936867449 ครับ","เพิ่มป้ายอัตโนมัติแล้ว: ตั้งระยะข้อมูลของลูกค้าเป็น ""การรับข้อมูล"" แล้ว"
"มีขาดตรงไหนบ้างครับ","ขอบคุณมากค่ะ ไม่ทราบว่าเอกสารที่ส่งเป็นสำหรับสมัครหลักสูตรระดับปริญญาตรี หรือสนใจหลักสูตรอื่น เช่น ปริญญาโท ปริญญาเอก หรือประกาศนียบัตรบัณฑิต ด้วยไหมคะ เพื่ออาจารย์จะได้ตรวจสอบสถานะและสิทธิประโยชน์ให้ตรงกับที่ต้องการค่ะ"
"วุฒฺการศึกษา เป็น วุฒิ ม.6 ครับ แต่ปัจจุบันทำงานเป็น จนท ตำรวจ","ขอบคุณสำหรับข้อมูลค่ะ ขณะนี้อาจารย์ได้รับข้อมูลวุฒิการศึกษา (ม.6) และอาชีพปัจจุบัน (เจ้าหน้าที่ตำรวจ) แล้วนะคะ รบกวนสอบถามเพิ่มเติมอีกนิดค่ะ ไม่ทราบว่ามีประสบการณ์ทำงานมาประมาณกี่ปีแล้วคะ? เพื่ออาจารย์จะคำนวณระยะเวลาเรียนและสิทธิ์เทียบโอนให้ได้อย่างแม่นยำค่ะ"
"ประมาณ 3 ปีครับ","ขอบคุณมากค่ะ ข้อมูลครบถ้วนเรียบร้อยแล้วนะคะ ไม่ทราบว่าสนใจเรียนสาขานิติศาสตร์ รัฐประศาสนศาสตร์ หรือบัญชี ดีคะ?"
"ผมลงชื่เรียน นิติศาสตร์ไปแล้วครับ","ขอบคุณสำหรับข้อมูลครบถ้วนค่ะ นักศึกษาสามารถนำวุฒิและประสบการณ์ทำงานมาลดระยะเวลาในการเรียนได้นะคะ ซึ่งจะเรียนประมาณ 2 ปีค่ะ เนื่องจากตอนนี้ทางมหาวิทยาลัยมีในส่วนของทุนส่วนลดค่าเทอมให้กับนักศึกษาในวัยทำงานอยู่นะคะ จากปกติค่าเทอมตลอดหลักสูตร 130,000 บาท เหลือเพียง 90,000 บาทตลอดหลักสูตร สามารถผ่อนชำระได้นะคะ นี่คือรายละเอียดและตารางค่าเทอมของสาขานิติศาสตร์ค่ะ"
"ผมสมัครไปแล้วครับ","ขอบคุณที่แจ้งนะคะ หากได้สมัครและส่งเอกสารพร้อมชำระค่าสมัครแล้ว ทางเจ้าหน้าที่จะดำเนินการตรวจสอบข้อมูลและแจ้งผลให้โดยเร็วค่ะ หากมีข้อสงสัยเพิ่มเติมหรือต้องการสอบถามข้อมูลใดเพิ่มเติม สามารถแจ้งอาจารย์ได้เลยนะคะ หากต้องการตรวจสอบสถานะ สามารถติดต่อศูนย์รับสมัครนักศึกษา มหาวิทยาลัยพิษณุโลก เบอร์ : 065-616-6468 ได้เช่นกันค่ะ ขอขอบคุณที่เลือกสมัครกับมหาวิทยาลัยพิษณุโลกค่ะ"
"ถ้าเลือกเรียนคณะใดคณะหนึ่งไม่ต้องไปเรียนใช่ไหมคะ","สวัสดีค่ะ"
"เรียนออนไลน์","หลักสูตรปริญญาตรี ตอนนี้อาจารย์เปิดรับสมัครอยู่ 3 สาขาค่ะ 1. สาขา นิติศาสตร์ 2. สาขา รัฐประศาสนศาสตร์ 3. สาขา บัญชี เบื้องต้นไม่ทราบว่านักศึกษาสนใจสาขาใดคะ"
"สนใจครับ","สวัสดีค่ะ ปัจจุบันหลักสูตรปริญญาตรี (เรียนออนไลน์ เสาร์-อาทิตย์) เปิดรับสมัคร 3 สาขา ได้แก่: - สาขานิติศาสตร์ - สาขารัฐประศาสนศาสตร์ - สาขาบัญชี เพื่อความสะดวกในการตรวจสอบสิทธิประโยชน์ อาจารย์ขออนุญาตสอบถามข้อมูลเบื้องต้นนะคะ: - ไม่ทราบว่านักศึกษาจบวุฒิใดมาคะ? - ปัจจุบันประกอบอาชีพใดคะ? - มีประสบการณ์ทำงานประมาณกี่ปีคะ?"
"สนใจ","สวัสดีค่ะ ปัจจุบันหลักสูตรปริญญาตรี (เรียนออนไลน์ เสาร์-อาทิตย์) เปิดรับสมัคร 3 สาขา ได้แก่: - สาขานิติศาสตร์ - สาขารัฐประศาสนศาสตร์ - สาขาบัญชี เพื่อความสะดวกในการตรวจสอบสิทธิประโยชน์ อาจารย์ขออนุญาตสอบถามข้อมูลเบื้องต้นนะคะ: - ไม่ทราบว่านักศึกษาจบวุฒิใดมาคะ? - ปัจจุบันประกอบอาชีพใดคะ? - มีประสบการณ์ทำงานประมาณกี่ปีคะ?"
"สวัสดีครับ สอบถามเรื่องเอาวุฒิป.ตรี เทียบโอนครับ จบคณะบริหารธุรกิจจะต้องเรียน 1.5 หรือ 2 ปีครับ","สวัสดีค่ะ"
"ปัจจุบันทำธุรกิจด้านที่ปรึกษา ประสบการณ์ทำงานมา 20 ปีครับ","นักศึกษาสามารถนำวุฒิและประสบการณ์ทำงานมาลดระยะเวลาในการเรียนได้นะคะ ซึ่งจะเรียนประมาณ 2 ปีค่ะ เนื่องจากตอนนี้ทางมหาวิทยาลัยมีในส่วนของทุนส่วนลดค่าเทอมให้กับนักศึกษาในวัยทำงานอยู่นะคะ จากปกติค่าเทอมตลอดหลักสูตร 130,000 บาท เหลือเพียง 90,000 บาทตลอดหลักสูตร สามารถผ่อนชำระได้นะคะ"
"ต้องไปเรียนที่พิษณุโลก ไม่มีศูนย์ที่กรุงเทพใข่ไหมครับ","รูปแบบการเรียนจะเป็นการเรียนออนไลน์และสอบออนไลน์เป็นหลักค่ะนักศึกษา"
"ผมรบกวนขอรายวิชาที่ต้องเรียนหน่อยนะครับ","อาจารย์ส่งโครงสร้างหลักสูตรให้นะคะนักศึกษา"
"ขอบคุณครับอาจารย์ เรียนออนไลน์และตอนสอบล่ะครับ","จะเป็นการสอบออนไลน์เช่นกันค่ะนักศึกษา"
"อาจารย์มีหลักสูตรแบบ 2 ปีให้ดูไหมครับ","จะมีเป็นตารางเรียนของภาคการเรียนที่ 1 ปีการศึกษา 2569 ค่ะนักศึกษา อาจารย์ทำการส่งให้นะคะ"
"เปิดเทอมวันที่เท่าไรครับอาจารย์","จะเริ่มเรียนในช่วงวันที่ 4 กรกฎาคม 2569ค่ะนักศึกษา"
"ขอบคุณครับ","อาจารย์ขออนุญาตสอบถามค่ะ ไม่ทราบว่านักศึกษาสนใจสมัครหรือไม่คะ เดี๋ยวอาจารย์จะทำการส่งฟอร์มการสมัครเรียนให้ค่ะ เนื่องจากมีนักศึกษาทำการสมัครเข้ามาเป็นจำนวนมากจึงทำให้โควต้าที่นั่งใกล้เต็มมากๆแล้วค่ะ หากโควต้าเต็มตามที่ อว. กำหนดจะทำการปิดรับสมัครทันทีนะคะ"
"สนใจครับ ขอฟอร์มไว้หน่อยนะครับ","อาจารย์ขออนุญาตส่งฟอร์มสมัครให้นะคะ"
"ไม่ทราบว่าตอนนี้ผมปรึกษากับท่านอาจาร์ยอะไรครับ","อาจารย์เป็นอาจารย์ฝ่ายรับสมัครชื่อพลอยค่ะนักศึกษา"
"ผมสนใจสมัครเรียนนะครับแต่ขอปรึกษาเยอะหน่อย","อาจารย์ยินดีให้คำปรึกษามากๆค่ะนักศึกษา"
"นิติเทอม 1 เรียนออนไลน์ไม่มีออนไซด์เลยหรือเปล่าครับ ผมอยู่กรุงเทพ ถ้ารู้ตารางว่าต้องไปพิษณุโลกจะได้วางตารางถูกครับ","จะมีเข้ามหาวิทยาลัยน้อยมากๆค่ะ หากมีการเข้ามหาวิทยาลัยจะมีการแจ้งล่วงหน้านะคะ และจะเป็นการนัดที่ตรงกับวันเสาร์-อาทิตย์ค่ะ หากนักศึกษาไม่สะดวกนักศึกษาสามารถแจ้งอาจารย์ผู้สอนได้เลยนะคะ อาจารย์ผู้สอนค่อนข้างยืดหยุ่นและเข้าใจนักศึกษามากๆค่ะ นักศึกษาไม่ต้องกังวลนะคะ"
"ขออนุญาตสอบถามครับหมดเขตสมัครไปรึยังครับ","สวัสดีค่ะ"
"ส่วนใหญ่ทหารเรียนสาขาไหนกันเยอะครับ","จะเป็น สาขา นิติศาสตร์ และ สาขา รัฐประศาสนศาสตร์ ค่ะนักศึกษา"
"ครับ เทียบโอนได้ใช่ไหมครับ พอดีเรียนปวส.ช่างกลมาครับ","อาจารย์ขออนุญาตสอบถามเพิ่มเติมค่ะ ไม่ทราบว่านักศึกษามีประสบการณ์ทำงานประมาณกี่ปีคะ"
"พึ่งบรรจุเป็นทหาร ลงหน่วย เมื่อ 4-5 เดือนนี้ครับ","นักศึกษาสามารถนำวุฒิและประสบการณ์ทำงานมาเทียบโอนได้นะคะ ซึ่งจะเรียนประมาณ 2 ปีค่ะ เนื่องจากนักศึกษารับราชการนักศึกษาจะได้รับทุนส่วนลดค่าเทอมนะคะ จากปกติค่าเทอมตลอดหลักสูตร 130,000 บาท เหลือเพียง 90,000 บาท ตลอดหลักสูตร สามารถผ่อนชำระได้นะคะ"
"สักครู่นะครับ","รับทราบค่ะนักศึกษา หากนักศึกษาสนใจสมัครสามารถแจ้งอาจารย์ได้เลยนะคะ อาจารย์จะทำการส่งฟอร์มสมัครให้ค่ะ"
"ครับขอบคุณครับ","ยินดีค่ะนักศึกษา"
"ครูครับ สนใจสมัครครับ","สวัสดีค่ะ"
"ค่าสมัครเท่าไรครับ","เพิ่มป้ายอัตโนมัติแล้ว: ตั้งระยะข้อมูลของลูกค้าเป็น ""การรับข้อมูล"" แล้ว"
"ส.ต.พงศกร โคตะครับ","รับทราบค่ะนักศึกษา อาจารย์ดำเนินการให้นะคะ"
"เริ่มเรียนเมื่อไรครับ","จะเริ่มเรียนในภาคการเรียนที่ 1 ปีการศึกษา 2569 ในช่วงวันที่ 4 มิถุนายน ค่ะนักศึกษา"
"รับทราบครับ ขอบคุณครับ","ยินดีค่ะนักศึกษา หากนักศึกษาเข้ากลุ่มไลน์เรียบร้อยแล้วนักศึกษาสามารถแนะนำตัวในกลุ่มตามตัวอย่างที่อาจารย์ส่งให้ได้เลยนะคะ"
"รับทราบครับ พอดีจะปรึกษาว่าจะเอาสาขาอะไรอยู่ครับ","รับทราบค่ะนักศึกษา"
"ค่าใช้จ่ายค่าเทอมจ้างยังไงครับ","สวัสดีค่ะ"
"ไม่ได้เรียนออนไลน์เสาร์อาทิตย์หรอครับ","รูปแบบการเรียนจะเป็นการเรียนออนไลน์และสอบออนไลน์เป็นหลักในช่วงวันเสาร์-อาทิตย์ค่ะนักศึกษา"
"ทำไมเปิด 4 มิถุนาครับ","เบื้องต้นทางอาจารย์ฝ่ายหลักสูตรแจ้งว่าจะเปิดภาคเรียนที่ 1 ปีการศึกษา 2569 ในช่วงวันที่ 4 มิถุนายนค่ะนักศึกษา แต่กำหนดการอาจจะมีการเปลี่ยนแปลงได้ค่ะ หากมีการเปลี่ยนแปลงอาจารย์จะแจ้งให้นักศึกษาทราบอีกครั้งนะคะ"
"ครับขอบคุณครับ การเรียนจะเป็นทาง แอฟ zoomหรือmeet ครับ","ในส่วนนี้จะขึ้นอยู่กับทางอาจารย์ผู้สอนนะคะนักศึกษา ในช่วงก่อนใกล้ๆเปิดเรียนทางอาจารย์ผู้สอนจะแจ้งให้นักศึกษาทราบอีกครั้งนะคะ"
"ครับบ ขอบคุณครับบ","ยินดีค่ะนักศึกษา"
"ขออนุญาตครับ ผมขอชื่ออาจารย์ได้ไหมครับ","อาจารย์เป็นอาจารย์ฝ่ายรับสมัครนักศึกษา ชื่อ พลอย ค่ะนักศึกษา"
"ขอบคุณครับ","ยินดีค่ะนักศึกษา"
"กรอกแบบสมัคร หมดเขตเมื่อไรครับ","ก่"
"ครับบ ของผมเหลือ วุฒิ อย่างเดียวใช่ไหมครับ","ถูกต้องค่ะนักศึกษา"
"ครับขอบคุณครับ","ยินดีค่ะนักศึกษา"
"ครับขอบคุณครับ","ยินดีค่ะนักศึกษา"
"ครับขอบคุณครับ","ยินดีค่ะนักศึกษา"
"ภาคพิเศษนี้คืออะไรครับ","ภาคพิเศษคือ นักศึกษาที่ทำการสมัครเรียนในวันเสาร์-อาทิตย์ค่ะนักศึกษา อย่างกรณีของนักศึกษาจะเป็นนักศึกษา(ภาคพิเศษ)เสาร์-อาทิตย์ค่ะ และจะเริ่มเรียนในช่วงวันที่ 4 กรกฎาคมนี้นะคะ"
"ขอบคุณครับ","ยินดีค่ะนักศึกษา"
"เรียบร้อยครับ","ยินดีค่ะนักศึกษา"
"สิ้นเดือนนกรกฎาคมได้ไหมครับ","อาจารย์รบกวนนักศึกษาชำระค่าเทอมไม่เกินสิ้นเดือนมิถุนายนได้หรือไม่คะ"
"ได้ครับบ","รับทราบค่ะนักศึกษา"
"ที่นี้มีแจกไอแพดให้เรียนไหมครับบ","ในส่วนนี้จะสำหรับนักศึกษาภาคปกตินะคะนักศึกษา หากเป็นภาคพิเศษจะยังไม่มีนโยบายดังกล่าวค่ะ"
"ทำไมลงทะเบียนไม่ได้ครับ","สวัสดีค่ะ"
"ครับขอบคุณครับ","ยินดีค่ะนักศึกษา"
"ในกลุ่มเขาบอกให้เป็น 4 ปีครับ","จริงๆหลักสูตรเป็นหลักสูตร 4 ปีค่ะนักศึกษา แต่นักศึกษาสามารถนำวุฒิและประสบการณ์ทำงานมาลดระยะเวลาในการเรียนได้ ดังนั้นนักศึกษาจะใช้เวลาเรียนไม่เกิน 2 ปีแน่นอนค่ะ"
"แต่ก็ลง 4 ปีใช่ไหมครับ","เบื้องต้นนักศึกษาสามารถสอบถามกับทางฝ่ายหลักสูตรในกลุ่มอีกครั้งได้เลยนะคะ"
"เห็นเขาบอกเลือก 4 ปีครับ","อาจารย์รบกวนนักศึกษาแจ้งกับทางฝ่ายหลักสูตรอีกครั้งนะคะว่านักศึกษานำประสบการณ์ทำงานมาลดระยะเวลาในการเรียนค่ะ"
"ครับขอบคุณครับ","ยินดีค่ะนักศึกษา"
"อาจารย์ปุ๋ม ยังไม่ตอบครับ","รับทราบค่ะนักศึกษา เนื่องจากอาจารย์ปุ๋มมีการทำงานในหลายด้านหลายหลักสูตร เบื้องต้นอาจารย์รบกวนนักศึกษารอทางอาจารย์ปุ๋มแจ้งข้อมูลเพิ่มเติมอีกครั้งนะคะ"
"ครับขอบคุณครับ","ยินดีมากๆค่ะนักศึกษา"
"สวัสดีค่ะ ขอทราบรายละเอียดปริญญาตรี ใบที่2 คณะนิติศาสตร์ ค่าใช้จ่ายเท่าไหร่คะ","สวัสดีค่ะ"
"จบวุฒิวิทยาศาสตร์บัณฑิตค่ะ ปัจจุบันรับราชการตำรวจค่ะ","ไม่ทราบว่านักศึกษามีประสบการณ์ทำงานประมาณกี่ปีคะ"
"8 ปีค่ะ","นักศึกษาสามารถนำวุฒิและประสบการณ์ทำงานมาเทียบโอนได้นะคะ ซึ่งจะเรียนประมาณ 2 ปีค่ะ เนื่องจากนักศึกษารับราชการนักศึกษาจะได้รับทุนส่วนลดค่าเทอมนะคะ จากปกติค่าเทอมตลอดหลักสูตร 130,000 บาท เหลือเพียง 90,000 บาท ตลอดหลักสูตร สามารถผ่อนชำระได้นะคะ"
"และพอดีว่าหนูมีประวัติเรียน มสธ แต่ไม่ได้เรียนแล้วเป็นการลาพักการศึกษาในกรณีนี้สามารถสมัครได้ตามปกติหรือจะต้องลาออกก่อนมั้ยคะ","รูปแบบการเรียนจะเป็นการเรียนออนไลน์และสอบอนไลน์เป็นหลักค่ะนักศึกษา"
"การชำระปีการศึกษาที่ 1 เทอมที่ 1 เดือนแรก เริ่มชำระเดือน มิ.ย.69 ใช่มั้ยคะอาจารย์","ถูกต้องค่ะนักศึกษา"
"สนใจสมัครค่ะอาจารย์","อาจารย์ขออนุญาตส่งฟอร์มสมัครให้นะคะ"
"กรอกแบบฟอร์มเรียบร้อยค่ะอาจารย์","รบกวนนักศึกษาแจ้งชื่อ-นามสกุลให้อาจารย์นะคะ"
"พรชิตา ภูรีโรจน์ค่ะ","รับทราบค่ะนักศึกษา อาจารย์ดำเนินการให้นะคะ"
"สวัสดีค่ะอาจารย์ สอบถามเพิ่มเติมค่ะ หลักสูตรนิติศาสตร์ ของทางที่หนูเรียนเป็นภาคพิเศษใช่ไหมคะ ในกรณีนี้ได้รับการรับรองจากเนติบัณฑิตยสภา ไหมคะ","ในกรณีขอนักศึกษาจะเป้นการเรียนในภาคพิเศษนะคะนักศึกษาและหลักสูตรผ่านการรับรองจากเนติบัญฑิตยสภาและสภาทนายความเรียบร้อยแล้วนะคะ"
"ขอบคุณค่ะอาจารย์","ยินดีค่ะนักศึกษา"
"ขอบคุณค่ะอาจารย์ เบื้องต้นหนูต้องเตรียมตัวอย่างไรบ้างคะ ก่อนจะเริ่มเปิดภาคเรียนค่ะ เรื่องหนังสือ เอกสารต่างๆค่ะ","สวัสดีค่ะ"
"รับทราบค่ะ ขอบคุณค่ะอาจารย์","ยินดีค่ะนักศึกษา"
"ขอบคุณค่ะอาจารย์","ยินดีค่ะนักศึกษา"
"ขออนุญาตเป็นช่วงอาทิตย์หน้าไม่เกินวันศุกร์ได้มั้ยคะอาจารย์","ได้ค่ะนักศึกษา"
"ขอบคุณค่ะอาจารย์ ถ้าชำระแล้วจะรีบแจ้งนะคะ","ยินดีค่ะนักศึกษา หากนักศึกษาทำการชำระค่าเทอมเข้ามาเรียบร้อยแล้วรบกวนนักศึกษาแจ้งชื่อ-นามสกุลและแนบสลิปค่าเทอมให้อาจารย์ทางช่องแชทนี้นะคะ"
"ได้ค่ะอาจารย์","รับทราบค่ะนักศึกษา"
"เรียบร้อยค่ะอาจารย์","รับทราบค่ะนักศึกษา อาจารย์ดำเนินการให้นะคะ"
"ค่ะอาจารย์","สวัสดีค่ะ อาจารย์ขออนุญาตส่งในเสร็จค่าสมัครให้นะคะนักศึกษา"
"ขอบคุณค่ะอาจารย์","ยินดีค่ะนักศึกษา"
"สนใจครับ","Janvara Meerungruang ตอบกลับโฆษณา"
"ขอรายละเอียดค่ะ","สวัสดีค่ะ"
"สนใจครับ","สวัสดีค่ะ"
"สนใจครับ","สวัสดีค่ะ"
"พนักงานราชการ รพ.ค่ะ","ไม่ทราบว่านักศึกษามีประสบการณ์ทำงานประมาณกี่ปีคะ"
"11 ปี ค่ะ","นักศึกษาสามารถนำวุฒิและประสบการณ์ทำงานมาลดระยะเวลาในการเรียนได้นะคะ ซึ่งจะเรียนประมาณ 2 ปีค่ะ เนื่องจากตอนนี้ทางมหาวิทยาลัยมีในส่วนของทุนส่วนลดค่าเทอมให้กับนักศึกษาในวัยทำงานอยู่นะคะ จากปกติค่าเทอมตลอดหลักสูตร 130,000 บาท เหลือเพียง 90,000 บาทตลอดหลักสูตร สามารถผ่อนชำระได้นะคะ"
"เวลา สอบ สอบ  แบบไหนครับ","สวัสดีค่ะ"
"ราชการครู","ไม่ทราบว่านักศึกษามีประสบการณ์ทำงานประมาณกี่ปีคะ"
"8 ครับเปน ครู","นักศึกษาสามารถนำวุฒิและประสบการณ์ทำงานมาลดระยะเวลาในการเรียนได้นะคะ ซึ่งจะเรียนประมาณ 2 ปีค่ะ เนื่องจากตอนนี้ทางมหาวิทยาลัยมีในส่วนของทุนส่วนลดค่าเทอมให้กับนักศึกษาในวัยทำงานอยู่นะคะ จากปกติค่าเทอมตลอดหลักสูตร 130,000 บาท เหลือเพียง 90,000 บาทตลอดหลักสูตร สามารถผ่อนชำระได้นะคะ"
"ขอรายละเอียดค่ะ","สวัสดีค่ะ"
"พนักงานบริษัทเอกชนค่ะ วุฒิ ม.6 ค่ะ","สวัสดีค่ะ ไม่ทราบว่านักศึกษามีประสบการณ์ทำงานประมาณกี่ปีคะ"
"ประมาณ 8 ปีค่ะ","นักศึกษาสามารถนำวุฒิและประสบการณ์ทำงานมาลดระยะเวลาในการเรียนได้นะคะ ซึ่งจะเรียนประมาณ 2 ปีค่ะ เนื่องจากตอนนี้ทางมหาวิทยาลัยมีในส่วนของทุนส่วนลดค่าเทอมให้กับนักศึกษาในวัยทำงานอยู่นะคะ จากปกติค่าเทอมตลอดหลักสูตร 130,000 บาท เหลือเพียง 90,000 บาทตลอดหลักสูตร สามารถผ่อนชำระได้นะคะ"
"ขอทราบรายละเอียดตลอดหลักสูตรค่ะ","สวัสดีค่ะ"
"ตลอดหลักสูตรเท่าไหร่ครับ","สวัสดีค่ะ"
"ค่าเทอมเท่าไรครับ","สวัสดีค่ะ"
"นิติศาสตร์ค่าเทอมเท่าไหร่คะ","สวัสดีค่ะ"
"สนใจครับ","สวัสดีค่ะ"
"หลักสูตรปริญญาตรี","Suttipong Jaikong ได้ตอบกลับโพสต์"
"จ่ายค่าเทอมยังไงครับ","สวัสดีค่ะ"
"เทียบโอน","สวัสดีค่ะ"
"รับราชการ วุฒิ ป ตรี ครับ","ไม่ทราบว่านักศึกษามีประสบการณ์ทำงานประมาณกี่ปีคะ"
"9 ปีครับ","นักศึกษาสามารถนำวุฒิและประสบการณ์ทำงานมาเทียบโอนได้นะคะ ซึ่งจะเรียนประมาณ 2 ปีค่ะ เนื่องจากนักศึกษารับราชการนักศึกษาจะได้รับทุนส่วนลดค่าเทอมนะคะ จากปกติค่าเทอมตลอดหลักสูตร 130,000 บาท เหลือเพียง 90,000 บาท ตลอดหลักสูตร สามารถผ่อนชำระได้นะคะ"
"ค่าเทอมผ่อนชำระได้ไหม","นักศึกษาสามารถผ่อนชำระค่าเทอมได้นะคะ ขั่นต่ำเดือนละ 5,000 บาทค่ะ"
"สนใจครับ","อาจารย์ขออนุญาตส่งฟอร์มสมัครให้นะคะ"
"สนใจครับ","สวัสดีค่ะ"
"ค่าเทอมเท่าไหร่ครับ","สวัสดีค่ะ"
"จบ ปวส.ก่อสร้างครับ มีวุฒิปวช.คอมพิวเตอร์ธุรกิจครับ","ไม่ทราบว่าปัจจุบันนักศึกษาประกอบอาชีพใดและมีประสบการณ์ทำงานประมาณกี่ปีคะ"
"ตำแหน่งนายช่างโยธา. พอดีอยากเรียน รปศ. เห็นเป็นเรียนออนไลน์ ครับ","นักศึกษาสามารถนำวุฒิและประสบการณ์ทำงานมาเทียบโอนได้นะคะ ซึ่งจะเรียนประมาณ 2 ปีค่ะ ค่าเทอมตลอดหลักสูตร 130,000 บาท สามารถผ่อนชำระได้นะคะ"
"นิติศาสตร์สามารถจบได้ 1.5-2 ปีจริงไหมครับ","สวัสดีค่ะ"
"จบวุฒิบริหารธุรกิจ ครับ ปัจจุบันรับราชการครับ","ไม่ทราบว่านักศึกษามีประสบการณ์ทำงานประมาณกี่ปีคะ"
"1 เดือนครับ","นักศึกษาสามารถนำประสบการณ์ทำงานมาลดระยะเวลาในการเรียนได้นะคะะ ซึ่งจะเรียนประมาณ 2 ปีค่ะ เนื่องจากนักศึกษารับราชการนักศึกษาจะได้รับทุนส่วนลดค่าเทอมนะคะ จากปกติค่าเทอมตลอดหลักสูตร 130,000 บาท เหลือเพียง 90,000 บาท ตลอดหลักสูตร สามารถผ่อนชำระได้นะคะ"
"สนใจครับ","สวัสดีค่ะ"
"วุฒิ ป.โท MPA  รับราชการ","ไม่ทราบว่านักศึกษามีประสบการณ์ทำงานประมาณกี่ปีคะ"
"25","นักศึกษาสามารถนำประสบการณ์ทำงานมาลดระยะเวลาในการเรียนได้นะคะะ ซึ่งจะเรียนประมาณ 2 ปีค่ะ เนื่องจากนักศึกษารับราชการนักศึกษาจะได้รับทุนส่วนลดค่าเทอมนะคะ จากปกติค่าเทอมตลอดหลักสูตร 130,000 บาท เหลือเพียง 90,000 บาท ตลอดหลักสูตร สามารถผ่อนชำระได้นะคะ"
"สนใจ","อาจารย์ขออนุญาตส่งฟอร์มสมัครให้นะคะ"
"สนใจครับ","Nawaporn Srikeaw ตอบกลับโฆษณา"
"ต้องเรียนที่มหาลัยหรือเรียนออนไลน์ ค่ะ","สวัสดีค่ะ"
"นักวิเคราะห์นโยบายและแผน ค่ะ","ไม่ทราบว่านักศึกษามีประสบการณ์ทำงานประมาณกี่ปีคะ"
"5 ปีค่ะ","นักศึกษาสามารถนำประสบการณ์ทำงานมาลดระยะเวลาในการเรียนได้นะคะะ ซึ่งจะเรียนประมาณ 2 ปีค่ะ เนื่องจากนักศึกษารับราชการนักศึกษาจะได้รับทุนส่วนลดค่าเทอมนะคะ จากปกติค่าเทอมตลอดหลักสูตร 130,000 บาท เหลือเพียง 90,000 บาท ตลอดหลักสูตร สามารถผ่อนชำระได้นะคะ"
"เรียนกี่ปีคับ","ธนภัทรธรณ์ พรจิตไพศาล ตอบกลับโฆษณา"
"ขอรายละเอียดครับ","สวัสดีค่ะ"
"จบ โท อาชีพนักงานรัฐวิสาหกิจคับ","ไม่ทราบว่านักศึกษามีประสบการณ์ทำงานประมาณกี่ปีคะ"
"8 ปีครับ ตั้งแต่บรรจุคับ","นักศึกษาสามารถนำวุฒิและประสบการณ์ทำงานมาเทียบโอนได้นะคะ ซึ่งจะเรียนประมาณ 2 ปีค่ะ เนื่องจากนักศึกษาทำงานในส่วนของภาครัฐ นักศึกษาจะได้รับทุนส่วนลดค่าเทอมนะคะ จากปกติค่าเทอมตลอดหลักสูตร 130,000 บาท เหลือเพียง 90,000 บาท ตลอดหลักสูตร สามารถผ่อนชำระได้นะคะ"
"สอบถามวิธีเรียนครับ เรียนออนไลน์หรือต้องไปเรียนที่ ม.ครับ","รูปแบบการเรียนจะเป็นการเรียนออนไลน์เป็นหลักค่ะนักศึกษา"
"ขอรายละเอียดคับ","สวัสดีค่ะ"
"กรณีมีการเทียบโอนต้องเรียนวิชาพื้นฐานด้วยไหมครับ หรือเรียนดฉพาะวิชากฎหมายเท่านั้นครับ","อาจารย์ขออนุญาตสอบถามค่ะ ไม่ทราบว่านักศึกษาจบ ป.ตรี สาขาใดมาคะ"
"ป.ตรี บริหาร ป.โทบริหารครับ","หากเป็นกรณีเทียบโอน นักศึกษาจำเป็นจะต้องมีรายวิชาที่เกี่ยวข้องในรายวิชากฎหมายหรือรายวิชาอื่นๆนะคะถึงจะสามารถเทียบโอนได้"
"สนใจครับ","สวัสดีค่ะ"
"สนใจครับ","รบกวนแจ้งข้อมูลเบื้องต้นให้อาจารย์กอนนะคะ"
"ปัจจุบันรับราชการอยู่วิทยาลัยของอาชีวศึกษาตำแหน่งหัวหน้างานปกครองครับ จบ  1.ป.ตรีการจัดการอุตสาหกรรม 2.ป.ตรี เทคโนโลยียานยนต์ 3.ป.โท รัฐประศาสนศาสตรมหาบัณฑิตครับ","เพิ่มป้ายอัตโนมัติแล้ว: ตั้งระยะข้อมูลของลูกค้าเป็น ""การรับข้อมูล"" แล้ว"
"ต้องเข้าเรียนที่มหาวิทยาลัยด้วยใหมครับ","จะเป็นการเรียนออนไลน์เป็นหลักเลยค่ะนักศึกษา"
"ครับเกรงว่าหากเข้าไปเรียนในม.จะไม่มีเวลาเข้าครับ","นักศึกษาไม่ต้องกังวลนะคะ เนื่องจากจะเป็นการเรียนออนไลน์ค่ะ มีเข้ามหาวิทยาลัยเฉพาะตอนสอบปลายภาคเท่านั้นค่ะ"
"☺️","จะเข้ามหาวิทยาลัยสอบปลายภาคเท่านั้นนะคะนักศึกษา ไม่กี่วันค่ะ ถือว่าได้เดินทางไปสักการะพระพุทธชินราชด้วยนะคะ"
"ตรับผม","Thanadeth Nadeth Attha ตอบกลับโฆษณา"
"สนใจครับ","สวัสดีค่ะ"
"ครับจบ รป.ม.ครับปัจจุบันรับราชการครับ","นักศึกษาสามารถเรียนได้นะคะ ซึ่งจะเรียนประมาณ 3 ปีค่ะ เนื่องจากนักศึกษารับราชการ นักศึกษาจะได้รับทุนส่วนลดค่าเทอมนะคะ จากปกติค่าเทอมตลอดหลักสูตร 390,000 บาท เหลือเพียง 350,000 บาทตลอดหลักสูตรค่ะ สามารถผ่อนชำระได้นะคะ"
"สนใจครับ","สวัสดีค่ะ"
"สนใจครับ","นวพล ป้อมไผ่ขวาง ตอบกลับโฆษณา"
"สนใจครับ","สวัสดีค่ะ"
"ปวช","ไม่ทราบว่าปัจจุบันนักศึกษาประกอบอาชีพใดและมีประสบการณ์ทำงานประมาณกี่ปีคะ"
"เรือนจำกลางพิโลกครับ","นักศึกษามีประสบการณ์ทำงานกี่ปีคะ"
"10ปีครับ","นักศึกษาสามารถประสบการณ์ทำงานมาลดระยะเวลาในการเรียนได้นะคะ ซึ่งจะเรียนประมาณ 2 ปีค่ะ เนื่องจากนักศึกษารับราชการนักศึกษาจะได้รับทุนส่วนลดค่าเทอมนะคะ จากปกติค่าเทอมตลอดหลักสูตร 130,000 บาท เหลือเพียง 90,000 บาท ตลอดหลักสูตร สามารถผ่อนชำระได้นะคะ"
"สนใจสมัครครับ","อาจารย์ส่งฟอร์มสมัครให้นะคะนักศึกษา"
"ค่าสมัครเท่าไหร่หรอครับ","ค่าสมัคร 1,500 บาทค่ะนักศึกษา"
"เดี๋ยวแจ่งไปนะครับ","เพิ่มป้ายอัตโนมัติแล้ว: ตั้งระยะข้อมูลของลูกค้าเป็น ""การรับข้อมูล"" แล้ว"
"สวัสดีครับ","สวัสดีค่ะ"
"สมัครเรียนครับ","นักศึกษาสามารถกรอกฟอร์มสมัครที่อาจารย์ส่งให้ได้เลยนะคะ"
"ไม่สะดวกกรอก","รับทราบค่ะนักศึกษา นักศึกษาสามารถชำระค่าสมัครผ่านบัญชีของมหาวิทยาลัยโดยตรงได้เลยนะคะ"
"วันนี้ต้องจ่ายเท่าไหร่ครับ","เบื้องต้นจะมีเพียงค่าสมัคร 1,500 บาทค่ะนักศึกษา"
"แล้วที่เหลือจ่ายเมื่อไหร่ครับ","ในส่วนของค่าเทอมนักศึกษาสามารถเริ่มผ่อนชำระได้ในเดือนถัดไปได้เลยนะคะ"
"นวพล ป้อมไผ่ขวาง","รับทราบค่ะนักศึกษา อาจารย์ดำเนินการให้นะคะ"
"เรียบร้อยแล้วครับ","รับทราบค่ะนักศึกษา หากนักศึกษาสะดวกช่วงใดสามารถกรอกฟอร์มสมัครให้อาจารย์ได้เลยนะคะและเมื่อนักศึกษากรอกฟอร์มสมัครเรียบร้อยแล้วรบกวนแจ้งอาจารย์นะคะ"
"ได้ครับ","รับทราบค่ะนักศึกษา"
"ต้องทำไงครับ","นักศึกษาสามารถกรอกข้อมูลต่างๆในฟอร์มสมัครและสามารถกดส่งฟอร์มได้เลยนะคะ"
"ครับ","สวัสดีค่ะ"
"ได้ครับ","หากนักศึกษารวบรวมเอกสารครบเรียบร้อยแล้ว นักศึกษาสามารถส่งมาให้อาจารย์ทางช่องแชทนี้ได้เลยนะคะ"
"ทราบครับ","สวัสดีค่ะ"
"ครับ","อาจารย์ขออนุญาตสอบถามค่ะ ไม่ทราบว่านักศึกษารวบรวมเอกสารครบเรียบร้อยแล้วหรือไม่คะ หากนักศึกษารวบรวมเอกสารครบเรียบร้อยแล้ว นักศึกษาสามารถส่งมาให้อาจารย์ทางช่องแชทนี้ได้เลยนะคะ เนื่องจากอาจารย์จะทำการส่งเอกสารให้กับทางฝ่ายทะเบียนค่ะ"
"เป็นพรุ่งนี้นะครับอาจาร์ย","รับทราบค่ะนักศึกษา"
"ใช้ได้มั้ยครับ","สวัสดีค่ะ"
"ครับ","และในส่วนของ สำเนาทะเบียนบ้านและใบประกาศนียบัตร(วุฒิการศึกษา) นักศึกษาสามารถถ่ายรูปส่งมาให้อาจารย์ได้เช่นกันนะคะ"
"ใช้ได้มั้ยครับ","ได้ค่ะนักศึกษา"
"ผมส่งเอกสารให้ครบแล้วนะครับ","ไฟล์เอกสารต่างๆที่นักศึกษาทำการส่งมาใหม่ให้อาจารย์จะมีไฟล์สำเนาบัตรประชาชนทั้งหมด3ไฟล์และใบแสดงผลการเรียน1ไฟล์นะคะ"
"ขาดอะไรครับ","สำเนาทะเบียนบ้านและใบประกาศนียบัตร(วุฒิการศึกษา)ค่ะนักศึกษา"
"อันสำเนาทะเบียนบ้าน","อาจารย์ขออนุญาตสอบถามเพิ่มเติมค่ะ ไม่ทราบว่านักศึกษามีบัตรพนักงานหรือสัญญาจ้างหรือไม่คะ เนื่องจากฝ่ายทะเบียนสอบถามมาเพิ่มเติมค่ะ"
"บัตรตอนนี้กำลังทำครับตอนนี้มีแต่บัตรแนบเสื้อใส่ทำงานสัญญาจ้างมีครับ","อาจารย์รบกวนนักศึกษาถ่ายรูปส่งมาให้อาจารย์ได้หรือไม่คะ เนื่องจากอาจารย์จะทำการส่งเอกสารให้กับฝ่ายทะเบียนเพิ่มเติมค่ะ"
"เปิดภาคเรียนเมื่อไหร่ครับอาจาร์ย","ในภาคการเรียนที่ 1 ปีการศึกษา 2569 จะเปิดภาคเรียนในช่วงเดือนมิถุนายนค่ะนักศึกษา"
"รับทราบครับ","ยินดีค่ะนักศึกษา"
"หลังจากนี้ทำไรบ้างอาจาร์ยช่วยแนะนำด้วนนะครับ","อาจารย์ขออนุญาตสอบถามเพิ่มเติมค่ะ นักศึกษาได้เข้ากลุ่มไลน์ที่อาจารย์ส่งให้เรียบร้อยแล้วใช่หรือไม่คะ"
"ใช่ครับเข้าแล้ว","หากนักศึกษาเข้ากลุ่มไลน์ที่อาจารย์ทำการส่งให้เรียบร้อยแล้ว เบื้องต้นอาจารย์รบกวนนักศึกษารอทางอาจารย์ประจำหลักสูตรดึงนักศึกษาเข้ากลุ่มเรียนอีกครั้งนะคะ"
"ครับ","นวพล ป้อมไผ่ขวาง ตอบกลับโฆษณา"
"จะสอบถามว่าสามารถเรียน ตรี+โทร พร้อมกันเลยได้มั้ยครับอาจาร์ย","สวัสดีค่ะ"
"สิ้นสุดวันชำระเมื่อไหร่ครับ","อาจารย์รบกวนนักศึกษาชำระค่าเทอมงวดที่ 1 ไม่เกิน วันที่ 5 เมษายนนี้นะคะ"
"ไม่ได้เตรียมไว้เลยครับในส่วนนี้","อาจารย์ขออนุญาตสอบถามเพิ่มเติมค่ะ ไม่ทราบว่านักศึกษาสะดวกชำระค่าเทอมในงวดที่ 1 ช่วงใดคะ"
"เป็นสิ้นเดือนเมษานี้ได้มั้ยครับ","หากไม่เกินช่วงสิ้นเดือนเมษายนได้ค่ะนักศึกษา"
"ขอบคุณครับ","ยินดีค่ะนักศึกษา"
"ครับ","สวัสดีค่ะ อาจารย์ขออนุญาตสอบถามค่ะ ไม่ทราบว่านักศึกษาชำระค่าเทอมเรียบร้อยแล้วหรือไม่คะ"
"ยังเลยครับ","สวัสดีค่ะ"
"เดือนนี้ไม่สะดวกจริงๆครับถ้าจะขออีกเดือนพอจะได้มั้ยครับอาจาร์ย","นักศึกษาจะขอเลื่อนชำระค่าเทอมในงวดที่ 1 ไปชำระเดือนหน้าใช่หรือไม่คะ"
"ใช่ครับอาจาร์ย","ได้ค่ะนักศึกษา ไม่ทราบว่านักศึกษาสะดวกชำระค่าเทอมเป็นช่วงใดของเดือนถัดไปคะ"
"สิ้นเดือนเลยครับอาจาร์ย","รับทราบค่ะนักศึกษา"
"ครับเข้าแแล้ว","รับทราบค่ะนักศึกษา"
"ยังครับแต่จะดำเนินการให้เสร็จก่อนเปิดเทอมครับ","รับทราบค่ะนักศึกษา"
"ค่าเทอมตลอดหลักสูตรเท่าไหร่คะ","สวัสดีค่ะ"
"สนใจครับ","เชียร อมรกุล ตอบกลับโฆษณา"
"อยากทราบค่าเทอมและค่าใช้จ่ายครับ","สวัสดีค่ะ"
"จบ ป.ตรี พุทธศาสตรบัณฑิต ครับ","ไม่ทราบว่านักศึกษามีประสบการณ์ทำงานประมาณกี่ปีคะ"
"เพิ่งจบมาครับ","นักศึกษาสามารถนำวุฒิที่นักศึกษาจบมาๆลดระยะเวลาในการเรียนได้นะคะ ซึ่งจะเรียนประมาณ 2 ปีค่ะ เนื่องจากตอนนี้ทางมหาวิทยาลัยมีในส่วนของทุนส่วนลดค่าเทอมให้กับนักศึกษาในวัยทำงานอยู่นะคะ จากปกติค่าเทอมตลอดหลักสูตร 130,000 บาท เหลือเพียง 90,000 บาทตลอดหลักสูตร สามารถผ่อนชำระได้นะคะ"
"หลักสูตรปริญญาตรี","Nam Suratchana ได้ตอบกลับโพสต์"
"ค่าเทอมเท่าไหร่คะ","สวัสดีค่ะ ปัจจุบันหลักสูตรปริญญาตรี (เรียนออนไลน์ เสาร์-อาทิตย์) เปิดรับสมัคร 3 สาขา ได้แก่: - สาขานิติศาสตร์ - สาขารัฐประศาสนศาสตร์ - สาขาบัญชี เพื่อความสะดวกในการตรวจสอบสิทธิประโยชน์ อาจารย์ขออนุญาตสอบถามข้อมูลเบื้องต้นนะคะ: - ไม่ทราบว่านักศึกษาจบวุฒิใดมาคะ? - ปัจจุบันประกอบอาชีพใดคะ? - มีประสบการณ์ทำงานประมาณกี่ปีคะ?"
"จบการศึกษา ม. 6 ค่ะปัจจุบันเป็นตำรวจค่ะ","ขอบคุณสำหรับข้อมูลนะคะ รบกวนสอบถามเพิ่มเติมอีกเล็กน้อยค่ะ ไม่ทราบว่ามีประสบการณ์ทำงานประมาณกี่ปีแล้วคะ เพื่อที่อาจารย์จะคำนวณระยะเวลาเรียนและสิทธิ์เทียบโอนให้ได้อย่างแม่นยำค่ะ"
"เป็นตำรวจมา 11 ปีแล้วค่ะ","ขอบคุณมากค่ะ ข้อมูลของนักศึกษาครบถ้วนเรียบร้อยแล้วนะคะ ไม่ทราบว่าสนใจเรียนสาขานิติศาสตร์ รัฐประศาสนศาสตร์ หรือบัญชี ดีคะ?"
"สาขานิติศาสตร์ค่ะ","นักศึกษาสามารถนำประสบการณ์ทำงานมาลดระยะเวลาในการเรียนได้นะคะะ ซึ่งจะเรียนประมาณ 2 ปีค่ะ เนื่องจากนักศึกษารับราชการนักศึกษาจะได้รับทุนส่วนลดค่าเทอมนะคะ จากปกติค่าเทอมตลอดหลักสูตร 130,000 บาท เหลือเพียง 90,000 บาท ตลอดหลักสูตร สามารถผ่อนชำระได้นะคะ"
"สนใจครับ","สวัสดีค่ะ"
"สนใจครับ","สวัสดีค่ะ"
"สนใจครับ","Kamhang Tong ตอบกลับโฆษณา"
"เรียนกี่ปีครับ","สวัสดีค่ะ"
"ทำงานรับราชการ","ไม่ทราบว่านักศึกษามีประสบการณ์ทำงานประมาณกี่ปีคะ"
"11ปีครับ","นักศึกษาสามารถนำวุฒิและประสบการณ์ทำงานมาลดระยะเวลาในการเรียนได้นะคะ ซึ่งจะเรียนประมาณ 2 ปีค่ะ เนื่องจากตอนนี้ทางมหาวิทยาลัยมีในส่วนของทุนส่วนลดค่าเทอมให้กับนักศึกษาในวัยทำงานอยู่นะคะ จากปกติค่าเทอมตลอดหลักสูตร 130,000 บาท เหลือเพียง 90,000 บาทตลอดหลักสูตร สามารถผ่อนชำระได้นะคะ"
"ต้องเข้าเรียนที่ มหาวิทยาลัย ตลอดไหมครับ","รูปแบบการเรียนจะเป็นการเรียนออนไลน์และสอบออนไลน์เป็นหลักค่ะนักศึกษา"
"สนใจครับ แต่ขอศึกษาสักหน่อยครับ","รับทราบค่ะนักศึกษา อาจารย์ขออนุญาตส่งฟอร์มสมัครไว้ให้ก่อนนะคะ"
"สนใจครับ","สวัสดีค่ะ"
"ผม จบ ม.6 +นสต. เเละเรียน ม.รามฯ มาเกินครึ่งเเล้วครับ ปัจจุบันเป็นข้าราชการตำรวจครับ","ไม่ทราบว่านักศึกษามีประสบการณ์ทำงานประมาณกี่ปีคะ"
"เป็น ตร.มา ตั้งเเต่ 01/09/67 ถึงปัจจุบันครับ เกือบ 2 ปีเเล้วครับ","นักศึกษาสามารถนำประสบการณ์ทำงานมาลดระยะเวลาในการเรียนได้นะคะะ ซึ่งจะเรียนประมาณ 2 ปีค่ะ เนื่องจากนักศึกษารับราชการนักศึกษาจะได้รับทุนส่วนลดค่าเทอมนะคะ จากปกติค่าเทอมตลอดหลักสูตร 130,000 บาท เหลือเพียง 90,000 บาท ตลอดหลักสูตร สามารถผ่อนชำระได้นะคะ"
"เเต่เอกสารต่างๆ อยู่ที่ จว.ตาก(ที่ประจำการ) ตอนนี้ผมกลับมาที่บ้านภูเก็ตครับ","อาจารย์ขออนุญาตส่งฟอร์มสมัครให้นะคะ"
"ขอบคุณครับ ถ้าวันจันทร์จะทันรึป่าวครับ?","นักศึกษาสามารถชำระค่าสมัครเข้ามาก่อนได้นะคะ เพื่อให้อาจารย์ทำการนำรายชื่อของนักศึกษาเข้าระบบและดึงนักศึกษาเข้ากลุ่มไลน์ค่ะ"
"ประมาณจ่ายเพื่อจองที่ก่อนถูกมั้ยครับ?","ถูกต้องค่ะนักศึกษา หากโควต้าเต็มตามที่ อว. กำหนดจะทำการปิดรับสมัครทันทีค่ะ"
"ครับงั้นจัดเลยครับ","แบบฟอร์มสมัครเรียนปริญญาตรี มหาวิทยาลัยพิษณุโลก https://forms.gle/Aj55YB5TNsKVsu8V7"
"ยอดที่ต้องจ่ายครั้งนี้เท่าไหร่ครับอาจารย์?","เพิ่มป้ายอัตโนมัติแล้ว: ตั้งระยะข้อมูลของลูกค้าเป็น ""การรับข้อมูล"" แล้ว"
"ส่วนค่าเทอมตลอดหลักสูตร นั้นผมผ่อนจ่ายนะครับ","ได้ค่ะนักศึกษา นักศึกษาสามารถผ่อนชำระได้ตามตารางการผ่อนชำระที่อาจารย์ส่งให้ได้เลยนะคะ"
"เรียบร้อยครับ","รบกวนนักศึกษาแจ้งชื่อ-นามสกุลให้อาจารย์นะคะ"
"ชือ: ราอีส มุเส็มสะเดา ครับ","รับทราบค่ะนักศึกษา อาจารย์ดำเนินการให้นะคะ"
"รบกวนด้วยนะครับ ส่วนเอกสารรายละเอียดผมจะส่งให้วันจันทร์ ที่จะถึงนี้ครับ","ได้เลยค่ะนักศึกษา"
"กรอกเเบบฟอรืมเรียบร้อยครับ","พรุ่งนี้ตรวจสอบเอกสารให้นะคะ"
"เอกสารครบรึป่าวครับ?","เอกสารครบเรียบร้อยค่ะนักศึกษา เบื้องต้นอาจารย์ทำการส่งเอกสารสมัครของนักศึกษาให้กับฝ่ายทะเบียนเรียบร้อยแล้วนะคะ"
"ขอบคุณมากครับ","ยินดีค่ะนักศึกษา"
"ด้วยวุฒิที่ผมยื่นสามารถจบได้ใน 2 ปี รึป่าวครับ","ถูกต้องค่ะนักศึกษา นักศึกษาจะใช้เวลาเรียนไม่เกิน 2 ปีแน่นอนค่ะ"
"ขอบคุณครับ","ยินดีค่ะนักศึกษา"
"ขอบคุณมากครับ","ยินดีค่ะนักศึกษา"
"สนใจ ค่าเทอมลอดหลักสูตรเท่าไรครับ","สวัสดีค่ะ"
"วุฒิ วทบ.  ปัจจุบัณ อาชีพข้าราชการครับ","w,jkmik]"
"10 ปี ครับ","นักศึกษาสามารถนำวุฒิและประสบการณ์ทำงานมาลดระยะเวลาในการเรียนได้นะคะ ซึ่งจะเรียนประมาณ 2 ปีค่ะ เนื่องจากตอนนี้ทางมหาวิทยาลัยมีในส่วนของทุนส่วนลดค่าเทอมให้กับนักศึกษาในวัยทำงานอยู่นะคะ จากปกติค่าเทอมตลอดหลักสูตร 130,000 บาท เหลือเพียง 90,000 บาทตลอดหลักสูตร สามารถผ่อนชำระได้นะคะ"
